Position, Company, Region, URL
【Python/時短/副業/リモート/エンジニア】の求人の詳細,株式会社PRUM,東京都,https://jp.indeed.com/pagead/clk?mo=r&ad=-6NYlbfkN0CDEW_Ht5WxuNoYzBeLBgfg8UOJuravAFYiiYYUpoxezMm__m9FQW2__r1Lwh851jlj-NxVRDX4Nvdyd_QcWZEVyWguXg-7BMvu4IEwQE6KIy00yRU5U6vzEIHYfCL4KoqNvtO3KxnRAvi1ST5w9nliT_pesdMFf63TT-mpUe0bKgUtAd17aYfefOkTyT-1t-9jHwaCvbdXJ3vIdYV6_XfvaqDSUmNII9Tc7FmigsprJKZ3c_b04jVPH3E5wTBTSurZkIyqYVRi8XWE5yICdY2s8t0agJwYi_LuimnYDykqWQKuZLY9fBwasvLbFZE-A-Iq2TTG3jyWtNiDIADslzn-bD4qK5NDgnjPgmUSjJmF3rzaSvmRscSmN6Hc2S-NeRK9ZFyK_LaFsFPXuFyy325cQSyg-eN38qZiiOigoC6c6mSIRo-gvwVPZvflngRmzaovifg8LdXbIEAB-O6QXmJ8inT640i7NhMNj3APTa5Fv7s-fbiLy5x-n7uCjOP6ofr1jPE9IRcKTkF6Mir2xO_s7S6MV_TZAYoPU2aWlJDxNos8WFUKYdt379JTmWdN-UZdk2GJtZQLWcNzSj9TbAMquTWHvA12OfCl5ZzPuUaAvE4QIUKBlKu51dY8lEansq-kv-jzVJNFLD2YM_PV4hAmpL22OhElkWf1RqfMts6B4YtIiRmyLXHzzm3XHvAvfzdrvvz4hLA_N7ROsOconQkSZ7bUPlp_JBL4y0UGyX6Q5e2ikGqwQgPv&xkcb=SoA9-_M3L6x6MJQJbJ0LbzkdCdPP&p=0&fvj=1&vjs=3
ITエンジニア/Python/Django/未経験採用の求人の詳細,合同会社シェアストック,在宅OK in 茨城県 つくば市 研究学園,https://jp.indeed.com/company/%E5%90%88%E5%90%8C%E4%BC%9A%E7%A4%BE%E3%82%B7%E3%82%A7%E3%82%A2%E3%82%B9%E3%83%88%E3%83%83%E3%82%AF/jobs/It%E3%82%A8%E3%83%B3%E3%82%B8%E3%83%8B%E3%82%A2-70d29c9e8106666b?fccid=e0f4326f69e0a61c&vjs=3
※【Python/VBA】9月 長期見込み/ツール開発の求人の詳細,ヒューマネクト株式会社,東京都 港区 南青山,https://jp.indeed.com/rc/clk?jk=831c8f021b9bb565&fccid=02ad673136757c06&vjs=3
Python/デジタルプラットフォームのデータ基盤構築等の求人の詳細,ギークス株式会社,東京都 渋谷区 原宿駅,https://jp.indeed.com/pagead/clk?mo=r&ad=-6NYlbfkN0AEZeQ5BDHuTqhiTI2118DcpXXxVE54bpFUdQLTLs7Ju6skzmOmnDwKYSyD-iwdsotHpc07enHHZPeumIpIiSwpjX2XOodBaVWvc4pNRn_BwgB3KoZU0RSqBX2jSRE60gCXYMjAEUuiCwWP8fYX80h0vidb5bQ5Au57pPEZpElrEyP6_DVhUJ3egUxK3fFApmFF50fPHEnSa9PGSog0aY6adEgSmLz930MRKaLUg9qUr3ZeIi3HzH8JyqAAIrdlmylHkJ9e70d6bnTj1gNQS8X4zC7nV001YuzoPOQm_WbWJNqB6IyqH81preppaI8cTARPyTzoC6uVT8cKligEjucs065tMenWepvmoyf6IN3SGplmE2bFoiUYBIO4_LL_xA3Ur-8MnWk158By22ZLwTz2H9_bt0jiq4s1bwWX5oIWkCJhxBcAUVma4BE34dt88HluMKt1u9DkstU3mJUyMp1ar0IYDghnj3sajUrrl--5XpxjNZC9VSo2xdO7ptk6QsRLcBWNuypOpgOKjwlFddD48GIjm2hJdkKp1SDcr5yCKaY-j5JTuOJ_5UiJX0yOCSo_NiM53I3quwPJSupH8uevksAqmH9Lvi4iK5Y5ngMh5v0JD-i4SyRk&xkcb=SoCg-_M3L6x6MJQJbJ0IbzkdCdPP&p=3&fvj=1&vjs=3
エンジニア　Java、Python(django)_062の求人の詳細,株式会社Asu career,東京都 千代田区 秋葉原駅,https://jp.indeed.com/company/ASUCAREER/jobs/%E3%82%A8%E3%83%B3%E3%82%B8%E3%83%8B%E3%82%A2-e20714fb989aef1b?fccid=656abe0b5bcef1fc&vjs=3
《契約社員》【在宅併用】5Gに関連したシステム開発(Python)の求人の詳細,株式会社アイソル,在宅OK in 東京都 千代田区 飯田橋駅,https://jp.indeed.com/pagead/clk?mo=r&ad=-6NYlbfkN0A4449bhKXGfbxWGc6zSmTHlkiljZnvh64gdleGh7SPWyFpDkadHopy47LWk0T2HRnnZmp3YVCrMAjgly9zoh35_hjvzP2c6ucWoyABzbHbvdHroZ4vjfXz1eRCl5q5WPkz14BnIQR2kkaceUB5Q0eE1aE05GMKJs5ZsyP6xU7G7S_-Ua6zcUvf9fpW_ai7Jhx0Md3LVo-O4ad8CQUmK9yjvg7bzDZYomrjummEeMc6AIc0OFqvuxJIFUOdL8m48HP-Jc8phIJ2wd2depxarD1aMmG71UE9tPCCe1Cu92qApfU97KVOT8_4rilt82898t2smUkjVmJcerI6MrIqz_jdtcCAl1WgNP1dNwfRZpleUMCTy1HviKEaQbfSnqV06F_KmwU9LdBAY_kGkl6damSO7N97o-mi1smb7kBlhzxLxSJy2ldiuQ_EzY3FdQ-1G2H4q2l7mLDiL4VCbVUqKsc2L_bCSkcyyc9oJgDaXtqOoWt7sxci0jDrWR2ICNDyuJInpmfZGL8lFTgyhB5OSFzAez9asF5h77GtSK37-luUjnGxYqDpWBKDiAczucB_g5_ADerBD-QibmxBQHNivEKYQr7t4YagAgmvtjt2kYbdggM_oJjCdmKjg-0DoRvIWxEoKNr7167eFTAUb2teXww7rCT5FAsIGcuRu8LzQNYhjTB3lm3XZekIgm65TMQZur2YMmj2I815lvjhTNkyTAFmelGZqxeJtg1axmkLRACpHJwvvsV6mVjYZ1BcsxxwOjvwZVkNAO3NzEwHDdFpk44ERaAERIqD5x2M0X-9hPCgaikgqoaTBHO8TwAjopZiuOwMwljhOJmIYBIzIzsdJT8XeHTM6pwjVE1APowMA3h6xzC85JsLmRspaeGEvY6kMYoqX0nXtw1Y42t3c85o8kuekPgdPX5D8arqd_K-EqMwf3p8msLXLl8_e8PmgJSJ_rh0D1qnuDIc6f21VxXLvXMnq8JRszj8kG9SFrtKrLswQkEs-neylNvS0py15ZYrEKjaGVv4px0-azceZcRc9De9L3fGsD5qJVcCG6RRdZ_JZU8hOwVa6Z8kHtG1lDnCGLo=&xkcb=SoCa-_M3L6x6MJQJbJ0ObzkdCdPP&p=5&fvj=1&vjs=3
未経験Webデザイナー(フルリモート研修)の求人の詳細,株式会社EA(カブシキガイシャ エンジニアース),None,https://jp.indeed.com/pagead/clk?mo=r&ad=-6NYlbfkN0DkyezT1yRfkJ9ES3rVEG6hkCAmGV9vBS95ciAsxydXaWI_OZEVBbl2MTa4-n-oSJj8Nyd2EzP4STEGSQEggBc2-494YbLbktVgPcCpUHl0jDczLKKOkGdVvXfduKU95Ecr0J01_c-U1RgVjVO7q_BzoSgqsUg2cLFT9L3iX6kWh3PtD1i_PlyQgiYz2Z5HIYFNd3cijr5CwfB4ymJa9-nPTj0NoxG399yPt_e7a94-pUKIsoLmaw5OsCbEtjx1iA2rpS6awiDNBhQ1YsTy7TKCLpeTXIwusp2388WWSjJtyy0HERqnAroEH2UfXPC1IeLXL8RtNGhV2pqgKVCz4DC1o-LeFGm5KE1AAUeOgVU_Ot55UvVRoj_buWDihY5EOEjaAXKvRsKydbw9PSNu0fCBye9s4Iv1YcrVoJ1N7_0iwlLP6JhXea_meFSm3Z3PQI82UI-kpJ2INMrBNbPNr_XMEDzKvHZWXoU5mbQiHgwA4ys27N9b-O-GtSzXPEicysVYJ3vR1JYK5sAA-iwcjjkCQeEOu7bc0nKxyW03_RrR2THzcHr9LrgKcZB0A6tlabSVHl1CP5PgSTLRfk1QUbnCq9enPemgmA8Rk3NFo4nJMjypD8uPd5hhnWmPzMl-BYaQaWddOU9lhvN-oimJW-rOtiTKBVOUQeO0nWOn_iVYjwrlP6RF7yec1jEdi_FeGYjrwueZCdEi9WMNrR2AbbW6zFkbm011Qts6T4XsHuozZCgKPDe6IiCU0Ahfs6Ad7GHTEedjGPEnv9f69egq2X3fXpTW8qdM7Mx7ZSorF90LfycnAkNm0humBgqLOziAeNA=&xkcb=SoAH-_M3L6x6MJQJbJ0NbzkdCdPP&p=6&fvj=1&vjs=3
【Python/フルリモ―ト】気象データを学習データとした機械学習の案件の求人の詳細,株式会社Branding Engineer,在宅OK in 日本,https://jp.indeed.com/pagead/clk?mo=r&ad=-6NYlbfkN0CSQQgz1WUmTvJh2YSku089SiRAtQ4lsFkuz9_ehIPuZWmqlg20JSfgkOe0gSzXJgfeyVKmxjVfSRRsxQz5zWPkvLRYfgABOpJn5Yh637TDTtwX1rf5EEhq1UGZAu73pXOkv3IIkZC3DdmYoB6kN-k5EyBY5EPkNyp1qrEguOAI0RTGDUII2xVglwLPN3ciHF_SJD0WHaBPGMLSkAbagdiQxBQzrd1LiiKxU89W2wPf6oMzidEbSqKaQ87ILnBBs5ajCl-yZFy3kNz1qucI-8TYNHBnzLSbGju3DGYRhQsz2ZE5EMb-unqYABnU1JZaHTf1fkB7GOvzFmN7Tc0Bpsms0kqUUaQYi1wVIxtBKr1Adgh3_57q6GbYIo2PYFGkY5zzjrT06JjVWvb4mQMGmv8kmo-Y5_cKZ5L5vtPydlC9KNm7r8OL4yTlrT2cRgzDxcCTDRS-SM5ZLfo_rAuO7XU4SSdhonaNBpE-yWLXCv-RgJwQm8JUMIR3mt6UaLGn8RO-YoggDYH-sqr60idmgB3hbU3gnHd02nq0e_whrEJDdO3-zQhUgLVSULpRzonWq74NDVWRyEAiatOZ6pMgZ8RfpcwriifzJuCAZO-iQnzLs5Ty5A9sqkVYYKn1bu9Kc_wDNOcfjZXB0JEddlx73_gUvppbwGuggYpWFBNyWelVaiv_D0ddsR10AmmVbc8bIl4HuerUcKaCuU3AcvPuOowK3bpOWfQ6oxSHGNHNUxh1r1_3Uf4hvmpXQEbLyor04MchEKfi5ETtgsv7pTTOQKZO5Olu__BXtPV9z_wrKCysHfFYpiRJrfs_pvJCT5zhXyyAgraG8cRlPtCIsqvXyfeHWWQ9glHfb5JOK4K-7egMXc4L1RV7sPXnyKlB66JJgSv5EdpUMuTA6bylut-AMoyh6PGzPFbwP985QxHDlSAqycs-uxMffzimfPcSwI7i5XA76ynjgH-W0inBUWVDLxtf1NQXlIDmrG_p0r7qdJNDtD51upBcT5-kDl4ld0DcFvHSzmEfkGLeFo9iQvyAkuiClG4f3Y29Q4-mKeiErZjLy_jLSfXhhFo4NfqHVtJv4fg=&xkcb=SoCz-_M3L6x6MJQJbJ0MbzkdCdPP&p=7&fvj=1&vjs=3
プログラミング教材作成(フルリモート&完全フレックス)の求人の詳細,株式会社if,在宅OK in 東京都 23区,https://jp.indeed.com/pagead/clk?mo=r&ad=-6NYlbfkN0BA8EGjVdfWhZa8vRek1ZG0xjvCNFZrVcRVLJAnLASqMqKcHSS6K-TbnWU8fDHTttp5caCl6m-Tjfze1eVcRJ8GDZrRPylUCvKJ4ajfxwWfs8JTbVAAGE0O1qSVfPQIw6yc61TTFjzwiAmLF5_VQEGrDCEwptLVqnHqI62nL_MUmsUaQhBAydtAU9e3wuuHemtfShiASfu4nhnKhZ_Qg4jdfpNPfowf_WHIq3sCVtPJsmjgvNdYVRLh7ntvBjW5da_oSVmyBcZwX3l-pX1caQJeXdEB4gALE0n56-VRqgR4OlBNLqjkhAtC6Gj8gXfMInAbF7ifZHEPm98JPJ2uTTRxDT6A96EKrBPLRpoa-3jmty7bfmBTcMeWRodMBcsrSCxtMBZk8_7Sg7T5KMPEm9xEjP8VCnj4OytcJ6DCqIpIoL8t5E2rQgHlgA5H09bVCRw9ccM3N4qhTWHAWqumGq5IQAom7PbEwtMH6PIltQisycfxRmR0MB63elUXtKqs_nkQLB5dPRud6jh0dv5ww5DYIR8q2MjbUGUhxlW-EsIoTVKESmQTNKEoAqAoddOUAJiTh4bwN27eXhn_g1TKxmoEXCH07Q0-V508We0LFgjp2qjvR78GLkU0h1z0t7xrZ9MzjNZ_jbOhrPNYkT7vyDpNjYY-Frol-_LdC7bLSnQ2G1QEApFBp_vvy0CqLEdKUEDrs6MQEx_8YEHmgqejlihRhiLML4_Sc-Q7RaAj2qeLiirv0CxXHoKTj86OUWPdvj4mTwbe1MG8Srjx55xUhUt7XtNXNQ-gI8CTIZkRYPRFEu9yhtuhVVn4-Dl8oGT5FNq6z8WEFp_1pCbi9Ys9FqzsljVXqAQdYFljDRlkQFLPVLvYak9s_XQRNGHv3ekh-NHOLKx0Rf50Ej4_wjevocAsFGhc_nC_OvbtHrs75AnS-ofmF2NbQqvF17M5S3cZPOk=&xkcb=SoBa-_M3L6x6MJQJbJ0DbzkdCdPP&p=8&fvj=1&vjs=3
【Python エンジニア】フルリモート案件多数の求人の詳細,株式会社Dexall,在宅OK in 日本,https://jp.indeed.com/pagead/clk?mo=r&ad=-6NYlbfkN0DgBFKY1yWWyQ5VPIfgAuf1u99wxB9nDYjixSBxyXudLOcffI1VMqHfci6Sn1Rr8OqsF3yJmujZji4qVIIGDd43tjgg2mX1LsOPZHtgbDYPNFT-YnjrNU6JEmUC1NKCQLtQZBm3m1uKHyCSCaaViV8rxTL2yHW2ibRTDPNpxjJC1_fn3yyOgGcUf3O2-zWYh8r3mXMgtKFhPIc87RBjHM4LqliRQeg38YKpAQxyV0nMO5k80CKz5OoetA2V9Y0kPCyPWP9794gpada-0k9DRrYmTDzb405Nh0iSXnhGLm_RLjwAt5CUkfnjkxDb-fIDa7qOJU_yhUtgJo3X1BPj1Bo6jSyI_atGw38mOSzrfKz4IX1FpLsx9sfzvGhY-fn7ZWorIY1Lz0mO4575cLplidyOpg-Z_zd8IPdQiN0Fihb-RAXkwshDvpKyHAkGyb_IRIFcFcHtMsw4KMPNPnhvYm8RBGIm-PNFwygWD_aHx9Mpjti7a21sbZwjKgzO8GTZTxF0pk6b-QFaVAkmIjmh-Q_FFH1O-GQLTL1aIJ1Hwx8TINqP7DEHVxstN-ly_FHVec-hgHYplAjea8jk2Rtb9sGjYRah_rBuGw2OMOyLPJ9snzTG_RWdZ7IVtS2Jb86ybtSk2EG4USrPl_yGPiw9pGxKGAyUHp6pnWAlQu5yDkhxE7ybnL7WHwAeUqDQdNGxfrcC4IyvLSflD2Bh7OTUbPFtHl4imfXM18HO08y4sv-sAsuvA6vAMvnaRvQRs7l-wSA_OrE-8DKpnlTOTz7P0MsmRdpyrnlQWpcIDlKQNtrKbg==&xkcb=SoDu-_M3L6x6MJQJbJ0CbzkdCdPP&p=9&fvj=1&vjs=3
【Python/AWS】HR領域事業のPython/AWSエンジニアの求人の詳細,(株)Next Fortune,千葉県 市川市,https://jp.indeed.com/company/(%E6%A0%AA)Next-Fortune/jobs/Aws%E3%82%A8%E3%83%B3%E3%82%B8%E3%83%8B%E3%82%A2-603e2361f4990738?fccid=1f5b45ad8077eab8&vjs=3
Python/某生命保険会社のシステム更新の求人の詳細,ギークス株式会社,東京都 多摩市 多摩センター駅,https://jp.indeed.com/pagead/clk?mo=r&ad=-6NYlbfkN0AEZeQ5BDHuTqhiTI2118DcpXXxVE54bpFUdQLTLs7Ju6skzmOmnDwKYSyD-iwdsovqWYVpz9Xz8iJmzrXQuQRf7-IiJZYOc9POIvGnV6YIjiMKWNHWOqISweW7e3TU6SAFba7ZBol9L0-D_9aNoRCS93PT37ghgxdGR-7SwMMdht7CH_1apI8eGCpNJ-3Ru_Ek0fN1WuVW4PlFbA-IaJNZSrBWihNsRVo-qNYp4NXmyPmssE4j46fq5GhN_bsehFYxYx2Ihb6XvVtuCN0XjPvsO7UOov9iUeQTbVHKLyE1s_xJ0mq0KvDIOpTj11E05UQUWtMkyZj5czsZgX-gOqpF4JB8Z2eHOcV0R0aWgapabr81HIhKydrUVJbU46GiCwicAAuVxHIhYxk2honHsd5e93cdwiTf1zmhTtoBqWZIs4cUI4NPclDQL5DEK5iUZtaXx2NYyvPlKDE5QABLLQHB-Ry55j5UNUvIs-60fcTT2n5Nox7KyOFVt9B7MOPyZO-5NQmMVlHhYJn4dcZehR6qH5ND5perUSe-PgyowCyktlJJPas3vvmfCTMxZUCAoz5myqcN3zARASxcwdAEzzv3GZ7U0ITDcyCga-LYwbIMU1k2GJ73j40E&xkcb=SoDH-_M3L6x6MJQJbJ0AbzkdCdPP&p=11&fvj=1&vjs=3
システムエンジニア　Pythonエンジニア　未経験でも大丈夫の求人の詳細,株式会社ブレーカーズ,東京都 港区 三田,https://jp.indeed.com/company/%E6%A0%AA%E5%BC%8F%E4%BC%9A%E7%A4%BE%E3%83%96%E3%83%AC%E3%83%BC%E3%82%AB%E3%83%BC%E3%82%BA/jobs/%E3%82%B7%E3%82%B9%E3%83%86%E3%83%A0%E3%82%A8%E3%83%B3%E3%82%B8%E3%83%8B%E3%82%A2-bda191356864fe8d?fccid=3c3806a2f95a9808&vjs=3
【データサイエンティスト】(未経験可/3カ月研修/Python・R・SQL)の求人の詳細,株式会社ファンズデータ,None,https://jp.indeed.com/pagead/clk?mo=r&ad=-6NYlbfkN0BALDos2MVeoLQldyNUz3XhKiCb-YAKgaBG0QqsBGL4Do4CTXk24mhWe0hdnzpY4SWr_hij4aCbplws9nb4vMX_QDhYPuPgxN5URwRNgbaNh9qcnUtlJgPJEnWetVREEHqHhpUGMVk4I3-oMbHYpxUz8P-_KVcucU_vdbuT2gd3DhQZLqq4JAvgd03H9h4w5E0ZkLX62zD_k1_JpExGZZ65-C-REr-IbKMqWV7jgkmD0F_T3WrBzlcUEG_uz4DyYq-FAV1XSAQ_fvQDk3a5kcDYiE9c_hXQxDUyTHDJ7VWeXcNzDP81CJw-r0-OZkCyD2RGyr49y4950CoDko6xcx3maswHGJ0OTd-TjhF0exaiZDXrIe_ZBh_GMqKdmK95JyjT8gLfK5rKoZZKGJ-GZJwNFCN_wdkdzM7b6M4KLYP7Hbp1IzWWSm7TawpmNCjztrwoYLTRWvOCJ8NnJVJSf_DoCFj66Xn3D9EAVe80C0WxCifnVo7vT9XKQAykz0s2HhlYpCf2h1kNqjOguOrotHn3H2yDCFLtLkHFwWjcI-I-2ADE5rWUDrmfmuEuNA_31kEx6ovAGH3qMNhvYvBONdkB7Bf1KEzrAHKLx0H3NlbD9viPn3ZMOba8gCCEDN1MyLinYP83X1PVBSmUWjVMIW7dFpZcFuiyuKWGckjjUPzAt-hTH5ruyEyCTYhtgBPbpiKxDxiRKysb1BKQNsRMLYb4gomiW0NkWHVN1A4Nfb8w-3sHN__yccu0Uc21HaVn8skk7s2zWIpmCSF9i9c-GfkvSg5J7fC0ok5xe0THNkCpA9ag8z41JU8hp8glUzHNUB5dHSbDZvlYYNgtMY_d4NMUf68FqTWqNF6rd96jALib2pqiGZE9ict7iZQb-HsEqfc=&xkcb=SoD9-_M3L6x6MJQJbJ0GbzkdCdPP&p=13&fvj=1&vjs=3
・未経験Webエンジニア(リモート研修)の求人の詳細,株式会社トラストコーポレーション,None,https://jp.indeed.com/pagead/clk?mo=r&ad=-6NYlbfkN0DkyezT1yRfkJ9ES3rVEG6hkCAmGV9vBS95ciAsxydXaXs2JxVtCrJkotSkHejc--fyeTIZTAM0wlGdZutKgX1SkbAgDic4apSWGrFK5JnD_2x39_U5X5UWtARcPYHAvRxf6qqxZr6slMpc7NXvIjngqk5K9BEdDR8gTGS9SSWi3X8DYlZOUCihyhy8RvPQiHftS3Zf6apWIKhhxfaRgGktD5brjBs0fU2pJOxdpjFPPWukC-thNn6KYD0JK8KT6sRwePqL_Jz77mDH4EN1qTGxXApfixlFqsWr8y01EnZIBK1YO1o-yflmAnp4l4h-HszDaw6BH4Yt91mnm26RXBSxoCvyfB4QXGe15d5hvxLMJGPJLh6yB_X8APT8vkVrsAefXIEK2pKO_OS8XGdsO1N8pTWHg7-Bs0yT8hUVXYNANK_Y7QUEAaPMfErb1r8f50d7K0zSRlwU4_FNIbmq9W6ZqDUAvsjESQck46CLhlphAJo_OyALKMOYiKqWjlD3GXIbQ5rC83-oqAT7QKKR7gg3Z2uvuq_6T8-Jl5a6-Xvzq-r-Q5Rkrv2_oLyJlRBA3j15zZzlId37FdUNve6MhflomBcmJUmMv_YZElUyoCcOcqrZ-A215o-tqSPBsoKJjGkEnfHsaR8yJBBTMX1Jo2lEf_QWsL-OSnia-IaWeN55mXGwxLkLCq3v71KewfTU9-Fi6xXg6D1--5B3d3rNoS1__c21ZADOTiX0alMIhglJ8ytztkWv8R8zdNgacEUhDVc=&xkcb=SoBg-_M3L6x6MJQJbJ0FbzkdCdPP&p=14&fvj=1&vjs=3
【Python】設備監視システムの開発/開発エンジニアの求人の詳細,パーソルクロステクノロジー株式会社,愛知県 名古屋市 南区 大同町駅,https://jp.indeed.com/pagead/clk?mo=r&ad=-6NYlbfkN0DiB0UW_1NZIJ9skl3XvTMASDSGCbiIE45lKiSzIAB83J5zNxg2Lx1khv57e3N_88COeB5BDX-99JBMjZgcULGvqLhcZsHnNwaWtY-E8Pvo67zxU-kACTNsaZb6f-n2IYC3ZfLE5_JapmsxedA2lF4g3bJimNBgV2fJyoDjpEtgv4TxUI2ERlU1F-tSb9GSQ65a3zSFDMalO488HCWDUFwv67Rq08vX7jikD7gUUas2GzZsYzEFk5GBjwygUljJ5IuxNVZ7VkfgCKfOTIs6uNY_7GnqXjHtu6epmCEDIRgkjNJ9fZEmq1Y5mBre5oCC4MYukYPDFGVjg_LAsgZ_4OTZzYr8OBNDTYgmbWJFabQimPxMZ0Md7MbvB5oYk68zRDZWk_jYOYjYzJuk-Yzy6vVPpUDnIUC1GyJtc5ZAWj2n9otGnNgFgx-FLUFNzasTLV3v8jeHJ-xgnZBW5cIUlBPf-N-DbIVUNVGrkgn80GtJQOWFRz6a8o4bcxsWTcjokFv4Ts0i04JdLoAEdeLXJH5XmH7cUWNy7uAF5Ghq-2okpH6WemGpMoyjbjA32KJ1j2M0_VYa98NYapC3BU55fwmQb_aRiRH0VNCZf0grJmuDR7da439McXQRgZ-EQcTUgLj9CB0fXYrpEgqpN2VEAd4wU2hfa2wMXGGhTdwy1oa3NW981jQML0E5Ie6Wu0s7BMaoTjvIqm1gf_PpyOcM9eGUvO-UWrHJ_BIeMdt7SDFQ3LxMl5DAayYe7wI8CU0DhYLM0llkYsxw29MLmyM35Sm6&xkcb=SoA7-_M3L6x5tCwJXZ0LbzkdCdPP&p=0&fvj=0&vjs=3
【Python/リーダー経験者歓迎】ロボットサービスのプラットフォーム開発支援※フルリモートの求人の詳細,アン・コンサルティング株式会社,日本,https://jp.indeed.com/pagead/clk?mo=r&ad=-6NYlbfkN0B43xXgq2KP4MblIafrzh5VOCqNBBdYpQq0MST61P3UyY2NZSZaqxOPcPwQgrSJ91DM8SWTX0foOoBF3H5LJQ674qca_E7h6qlTFU_V6lpRX_YlnuJTRHWv81TyFvJoN27oLvS_nffTu9oV0jQc658mUv8T8aaiC10nJYBYTqnz_nwCNjJxrw9SELCBWAw_84ApKm4rAdzIETKes1j_oNooAns7f4T3EotTCMFJvmevrONRB76nFaP8B8q-uUXPwVkbShggwC8QZheEw6aXh6rSfA1s2swYE8Rph9YhT_-pIvDpfaDq6TSsU-lkl1B2u-9uohuG0W3EkJabgGWdo_jli5M2E8F28EyG16lMFTJweEnjFfkMdjFUvUVJWqC6B520qe7TxpEGy6rch2xRIQhjHTIM4N-sZBHNECiMCP_7FIr0jeeXRlotIYjCXbz625IshgIOfSKOgKizVN2Tvm9868UcAKzprO1_1GvNcjbk_Xp48WF24sjerhdOLV2BoHjFf13-R8tqLuRz_T0lb9N6fJD6htf0BJB1Zp89VFLKxmOCFTbIiB_wZ3gZ9EpIZ7Q6uVBdPUqRGi35ROELQQIsj_RRa8sc0zcXaB7nWeI1e67sI9NKaBzRNgFOUiOOEl1jv7pi6066KlwQcbYH_bbHDTVxS0G9QJwHPRnD9HNSeg==&xkcb=SoCP-_M3L6x5tCwJXZ0KbzkdCdPP&p=1&fvj=0&vjs=3
Python/売り場状況確認カメラアプリの受託開発の求人の詳細,ギークス株式会社,東京都 新宿区 新宿駅,https://jp.indeed.com/pagead/clk?mo=r&ad=-6NYlbfkN0AEZeQ5BDHuTqhiTI2118DcpXXxVE54bpFUdQLTLs7Ju6skzmOmnDwKYSyD-iwdsoupOnTC9MFbn61o_U3iLCGgNKZHxCwB22W6An4WQsYMuv3PkVIwPVbYZUo8XDN2CtNGddtfypA0um27jme0bTRSEdxOZTUGisRW25GahI8kUQbswEXPq-220ME5uV88XSAAwI8og3eqVArMntwIf3I8DvqDdueQj6Wu7XSuxwjEuijqjRwUXlNwdv8BZdWiq_BoJ4rQLF6sVchE4NzLAm48DjTLqyv8nqr_BMP3d6B8wWlzfG2PR7LlyzXgkjfBCNcxgEksDthUqlZCqclILlJ_-phSLODmqYnHBgSf9uUHQvFMWmOoMLcJqA8J3Y-40HAkU093Uxau-CG-HijS38uSFFTtJRsrkkiZ3zoAe-or2uuUjsCsM1oI67aOc0Kt7J5Ey1UVm2yGfYd1upcApdg9g6S7DhYESDV9gMlDd2vi8UEf9vT4Ylj7yyR271E1WMWSWvDhDWvpDGTcmw3oAIYPFBNFMC3-hn2Gbb-if6Sg0EJI70SEGiVdyGnKLtyYLrSkqIq-5qsRVACqmYaBq9qCbPNnRZ2hbmfhAdkPyBYFE930Eof7Q7qe&xkcb=SoAS-_M3L6x5tCwJXZ0JbzkdCdPP&p=2&fvj=1&vjs=3
商業施設向けデータ加工【Python】【フルリモート】の求人の詳細,株式会社bluena,在宅OK in 東京都 渋谷区,https://jp.indeed.com/company/%E6%A0%AA%E5%BC%8F%E4%BC%9A%E7%A4%BEbluena/jobs/%E3%83%87%E3%83%BC%E3%82%BF%E5%8A%A0%E5%B7%A5-7e5b29b3f817532c?fccid=c9f67d9b0d24a5ec&vjs=3
【Python】フラッシュセールサイトのデータエンジニアの求人の詳細,(株)Next Fortune,千葉県 市川市,https://jp.indeed.com/company/(%E6%A0%AA)Next-Fortune/jobs/%E3%83%87%E3%83%BC%E3%82%BF%E3%82%A8%E3%83%B3%E3%82%B8%E3%83%8B%E3%82%A2-37e3a7f4f8f0018a?fccid=1f5b45ad8077eab8&vjs=3
データアナリスト/の求人の詳細,株式会社エモーションテック,ハイブリッド勤務 in 東京都 港区 西新橋,https://jp.indeed.com/pagead/clk?mo=r&ad=-6NYlbfkN0AEDj32_2WKZGF7eZ6PKAMgRkbXjZfGGRai3Usprx1rk747O7NH66JyyV6MFDu56geuBJq5klCHSZ4f-aRtsOXwkg6jyDJ9MkijSTrfM8_DOu5pGcDBQsWQfcw5CbW4DUgnvaN5cQQK-KrnyqSLkgXYXr9Oz6WnpGZoOrOnU-PypZ5saSUpsmZGaJXzAQcG61j_967qfHpfJVyK2E50zRGqfRN1-mSJvlW9Vxs-iPkNaSsCiopR-S5gN4uHVD1mfCtzvBCG3kRH2iez3qtkofdwGq4TqU_YxnuLXyzUrbtgrrQ7PLkfkbLVADE8EiGaPOoIib81HvhfMAKqq7GPSCuvYbu2qKJwBovzjDhRQhr74PubA_oA5V5JkP_ISPmI0DxktxS5NwNslNcCx70azmt5v5mLqnXb5KKr-8eDlLVtIOqlUCuQcou64EyURIoL-P1aXC8KkOSQV0lSRr1QbTsfkhTzXzRbJAFSXSNeBrVot-GXBVuoFsk4VBb4ykm0tn2tbb908QWLxCQKnTs2tz6rfFSonijaIwKApLQcK-4mbVdho7LuP3mtXVl4_uJerHyen90fhXuAdILobqAphIlDGE-Tw7dNenSETUDxAq58OVK5pnG_go-xg2xowHPSnBY1mzPr6Vqqz8Bq41J0x6sgEaukZoOc6dLo9uUESLsWoa8KI_VH4oYglyMOG-P8usQWBvF8g56c1NwvGqW51bpPHcZyg84NgEc=&xkcb=SoCc-_M3L6x5tCwJXZ0ObzkdCdPP&p=5&fvj=0&vjs=3
【基本リモート】総月間PV2000万!医療総合メディア運営企業で働く!/Python開発の求人の詳細,株式会社キャリアデザインセンター,東京都 港区 虎ノ門駅,https://jp.indeed.com/pagead/clk?mo=r&ad=-6NYlbfkN0AAacA27yLkzJc6iJ1ZvxpxNoO6rpM4FfH08MzrXtOJoA865xjNBK7Q_H94IgOcV-e3NaWNUWwGXJ0M4kQYDekdU0lhyT2INgkV2guGsqZ-zGWbH1RM8oq_AWDji_FXgYeKnI4k9Tl2aMNHw25XKtnkeuXl_fjBOKqy9bFwQwg6lqZ9GALo8dnXVU10pVaxfO-iGDLvtlfvbSTBorvQPUjU9Vw4XJS4kgL78bBH19_6P1QscKi3zTODcSbaYPJWPioC9QH53pOHdN3gCgTwvXOhAQzFfs8-HxJhWv60DOPEaqfiSMgekfuO1TKeQr81-StIdxGd7EUS_uNMtNvV3fYG5GIRhHag3Zi9kcFMNqNT_fyFrstRcpXWkbJXhVETxmHDFxt-JXs6H21zKJWFRJiMP1rWiLTPoZqEAUfPu0YH8ta1IdOQC5LyCuSzxYuK9zrW5Qzq5YuAQhTKgvJhc_44oJi34hDKfW1PJbukYqIUoKbj0p6p-Js62BA0Rf5v3U0Ir90_pOtbbVWufWQWNyk9gQ1LyZ0d-gVjX7dmiD5A5MqWNIor74C7jJolqedKLM1_7q6hUTjfSn1_gCjvEzRy5ktBge3wCxaFhqqOcgQr3r91AVsZIDkhsz1yQZn0SQQgL5o7kOhRP3vWYpzKjwGm-QwVhP5KJtsDIaT2BvB3awJi8qkMfjIE&xkcb=SoAB-_M3L6x5tCwJXZ0NbzkdCdPP&p=6&fvj=0&vjs=3
《Python》データサイエンティスト《フルリモート》の求人の詳細,株式会社bluena,在宅OK in 東京都 23区,https://jp.indeed.com/company/%E6%A0%AA%E5%BC%8F%E4%BC%9A%E7%A4%BEbluena/jobs/%E3%83%87%E3%83%BC%E3%82%BF%E3%82%B5%E3%82%A4%E3%82%A8%E3%83%B3%E3%83%86%E3%82%A3%E3%82%B9%E3%83%88-7f432e97b2aaabb3?fccid=c9f67d9b0d24a5ec&vjs=3
Python/新規採用プラットフォーム開発案件・求人の求人の詳細,株式会社flyhawk,東京都 渋谷区 渋谷駅,https://jp.indeed.com/rc/clk?jk=c0a9a1697ebbe514&fccid=de7a7b3b3139bf61&vjs=3
《Python》ビッグデータ分析業務《フルリモート》の求人の詳細,株式会社bluena,在宅OK in 東京都 新宿区,https://jp.indeed.com/company/%E6%A0%AA%E5%BC%8F%E4%BC%9A%E7%A4%BEbluena/jobs/%E3%83%87%E3%83%BC%E3%82%BF%E5%88%86%E6%9E%90-f888509f2207946f?fccid=c9f67d9b0d24a5ec&vjs=3
【機械学習/Python】大手HR領域事業の機械学習エンジニア※フルリモートの求人の詳細,アン・コンサルティング株式会社,日本,https://jp.indeed.com/pagead/clk?mo=r&ad=-6NYlbfkN0B43xXgq2KP4MblIafrzh5VOCqNBBdYpQq0MST61P3UyY2NZSZaqxOPcPwQgrSJ91AvtcqumUGLZLuijzEVEnxFVSlYFyBlFpm2B-yDPclUtDMPRmsaJEImpgDzrxFpSDHqxJVthmwS_T8VH7WWxqhW6p6glwmEGHCJNEVksrFyrNYGOpBBv9zlZmWnIkCR_k0mkI-I9oFUHthLpTpb6YiYGGlEzVqM9iCX_GhrYcZTVRFNEJJEtyYbQMT_fv627PDTeYcMzX8loAkvjKIezh5SC6BNTFy78WvE2NzVQT3D0gMO8bBAeS4iLLUOui3l8RaoAyH9n6Z_7sWAO0TQvzMcIG3zaG_lwCvI5maH4pN1apqn2h_i6De2FGUKx8nL8Sf7hWITGTgQeoTk0ov00f6RYDXN27nMrCXp6ddTEV_YbeToeWkpF4OpkZCKd0qDf6tViiJ4TU1UjUgNZjst6LXwalHRNiLWINK08rblygRgd5Dlzu-N2O77s0UjVzA1pQEHESkdBw3pxHNrHR9A0YBX-7Fo-b4zJZQw1RZFwPXm7-Qszw8-3PBA0hAlNks4gcWpvTBBK-3rhUaD3b97vco2kOhAXzhB-ukqSYxnRsX0R2pw4ktWf4alC9BVsVBqwfFBCZKRwDJzQa_F7HS3H6nA07J763lC_hjk0FCr0LGCfg==&xkcb=SoB1-_M3L6x5tCwJXZ0BbzkdCdPP&p=10&fvj=0&vjs=3
【Python】IT・CAEのインフラの企画と運用/開発エンジニアの求人の詳細,パーソルクロステクノロジー株式会社,神奈川県 厚木市 愛甲石田駅,https://jp.indeed.com/pagead/clk?mo=r&ad=-6NYlbfkN0DiB0UW_1NZIJ9skl3XvTMASDSGCbiIE45lKiSzIAB83J5zNxg2Lx1khv57e3N_88Dhh66t4ov5I4YXlryIQvAn1Bs-t-DixsD0LQOl8D3ASFWlACjfL9uf5R-NolmU6vKL6wuMf3SMfRheNsn6jcH1dvUn5K0S0RsomTIPz0hZNDorHP8uaK-ZNtNC7Ob2_oaOFqnmXcfP87Jg181TlQA4QyaI5USP_2fJhMaPTNmFyrnc3eR_jjmXt8FvvYSzjgUVoDOT6CDobZUXiqQCLWCVhROUXka66WPuT7tm-UTnYO9OA3zz8sNW4t22kFGZWp0P007AiohCwgB_UyvqaRVOyew8T5i85UkFhMvzXJ_7wt5oYGsHMNg79EsYSglzgRvzL82s9jbmcrWOPFux3HurBKalzrBkLmvLLYXJwCfXLWbfwxb8ZYN4He3c8Aji0h1g8MQ1ALq5ECikzIUj_OUHm4mME4vQaxoTGPNghRlv4c5khJeQBrVd8rKmSChMdo5iCNTpgPtCCahY2AaGTtKuc0ArklRCQrLIrVPKpRtEsjA3-Yf1FwECz74J8MLo3njjgs1ItBdHmYfWdvKLAS_31Pcx4Yl9WwKeO4sSP5C8mW864j6U9xAq-vKIm5WV78B_69TREjPHVxAc_V6bsQE9gnONgdSb7a86_2LzVqwMb23ZwctCMLV3YO17VSv5g-MUIp9tkqVCqNLfX3x47H5C81JtjqPh5x7-4wQ9kBOu81A270OjxumSKM-XV2Ig1cP4M0tof41HuIEa5d7qGNMt&xkcb=SoDB-_M3L6x5tCwJXZ0AbzkdCdPP&p=11&fvj=0&vjs=3
[Python]脳波データ解析及び脳波AIモデル構築の求人の詳細,株式会社イーブルーウェーブ,東京都 中央区 日本橋,https://jp.indeed.com/pagead/clk?mo=r&ad=-6NYlbfkN0CkTIbCODiv-55UXJG-RDjtJSZT0eyfQagAAZ7Q2yQhhqss0PX7W1qtUpDfLb1x6SqAx4CpGy-n0BeYEowrwz2QzoXxiRYNsIsB7IHQ6IfCTJXF7S8Fc7MV44GrukU0B4JlbqZBurQy8tJqiKZNQk1z5ti2pI8n9e--gS8_yJFjTAT0pvKS6U-1KKaEDoOGXUn05cLayI2YU00kW_dJD_HdblLLAGdhp8zQfUZ3PzpgV--873wb2Nc8-DT9b4h1dOPWVbokubJAoy4aVP4iWNpxNqR3BtwExdTFmoGZbwDORee9ElSznl1gA1kZ1j7wR7tfcm2h1pVXs4sNJV-KOKYIWMNOv6OKtzvOGF44Bz1u02HR4IBLwH8zmtq9U2n2DdOSoXle7_iAGgBVMZ2ZsGtmEv8DfnDrQf9rPsNDFQhuGGXXYU-6svkOsNhb05gAB0QmhjwfpwlQH9n6GwJQQdidaAmi48dBJgIMHhtCfrXj94Z6KXLOv1qcushrzSP9tsW5AQXZkI8P_3oN6DzvLdMQxTNKja37m0Zam2tcYpBTyow3Twgk2eF516vj6hdZURsGXRDkwDy6M6RR13XGrWa-wv699BVUeVRLTDR6DWssTqn0CxLlc8UWHbwUFAH7WOTpPkQo6dM_LUdylbOI4EI7LeDJRkYoW16ZtaOU2TUTNA==&xkcb=SoBP-_M3L6x5tCwJXZ0HbzkdCdPP&p=12&fvj=0&vjs=3
Pythonエンジニア(未経験者求人)の求人の詳細,株式会社Quon-JAPAN,福岡県 福岡市,https://jp.indeed.com/rc/clk?jk=82d3badda3b5d3a7&fccid=c446a12d820a2a39&vjs=3
Pythonエンジニアの求人の詳細,株式会社Next Fortune,None,https://jp.indeed.com/rc/clk?jk=ca38ffc6b186632c&fccid=a57b0ef9fcb83b08&vjs=3
Pythonエンジニア(未経験者求人)の求人の詳細,株式会社Quon-JAPAN,福岡県 福岡市,https://jp.indeed.com/rc/clk?jk=82d3badda3b5d3a7&fccid=c446a12d820a2a39&vjs=3
【Python】オープンソースのライブラリカスタマイズの求人の詳細,株式会社エクストリーム,ハイブリッド勤務 in 東京都 豊島区,https://jp.indeed.com/pagead/clk?mo=r&ad=-6NYlbfkN0DzMIXuv8YSi06KWIMFY05ukGgdPWIaM5Yz3YeMy3yTyAWHAe1gKPKnM1jSgKk0ldMHxB-zZs4F7JmH_7YCpj7pJ_DpZnRZNdHzYmCwv26rvRkxU0d8kCU1YBH5P1ZYOs0KKR1ny961CYHp6lSEIhrGX0yhxT0tyKya1XmWA9GH0_xHIDgUgJqMtZA4UWx4WmFmTGov_yL7oTuyS1jG_gmv6Jdb1JQWswRCZFs9WnxC1rHHKCgcKXglCFqtyhdNGup2y4a4gIpjagw2atNjHhMyS0TjowZ6a8FPkHd2XTAHbUz-p5onucIPNVHRhQ6iGH4Vf_jbC2E3_dKXqy7926CyNgPdgtN4D_snawSLiEoxqPr8ak1i3epDcCgl2uUxoF8yB6Afff62w3m6CdsHXiiNG2qu9IgtWdMsiqkj-myfa7bj7aSvaR7OjnhUA-4iftVB5E0Fxi7jk4FNTThhlLXykVLwiwlnEfIGlu_Ne1KJZVlHmbCzPL02eZgRCICjvb__mr1jESoj0wFPl-VQ3SM98bL2weVZe0IZwEeIDE6Q1lH3hztEarm4uI0rVHRzzzp2FCqluAU0VtNF0oyLq2NneWH8KoZfhLfUAds4Wy5MkMxBjmLvPyMVZu9swTZzxcgFZnRJsZMRv1jitCSva6ybycKCniZacwbl3CwHJ-YeLg==&xkcb=SoAc-_M3L6x5PFzkxB0KbzkdCdPP&p=1&fvj=0&vjs=3
【フルリモート可】駅直結!サイバーエージェントで働く!/開発エンジニア(Python)の求人の詳細,株式会社キャリアデザインセンター,東京都 渋谷区 渋谷駅,https://jp.indeed.com/pagead/clk?mo=r&ad=-6NYlbfkN0AAacA27yLkzJc6iJ1ZvxpxNoO6rpM4FfH08MzrXtOJoA865xjNBK7Q_H94IgOcV-fTMwd0-fmfgorg9kH6p7aJniS0eDgG3KfmRMGlBhiDkHpPPycdyEZMgFaL7bxNhDjo9RCVxHRvApP4MIlRBvKDmCtj1Hd192Pcb2Vd-8OYS3bVv2pWs3JNe22Ph-km8kmCxmWU5vDDUmiRfSt0s8sSDSvU6WLCOGmhinoSY9xcu-WLJTz0ArYX2OpjS65XyK20T_wWqnmp2EhjjD3szUloXCaEbOWsUYAOZtlefOyjnb_od7omMIxmtWh_LTvd4dJbHT_4M7loTZM4F2e56dXjdhvSh9MFADjC3UgQzTT9S5Q2r2fBlC9wm3tk1Iy_1Zu2YcIu3lhqNeznL0_PLlhLYioNiZ_N3FozMqjEiP4qDFSSObn5Wm35LYVYo7dpSpHAdGZNUfnm6BcnoD--zhbFTLJ8weiulw9r2kGec7x1MAxWYtFzX3PA1tUlPPMUjaXNbSQrMipNehq-RRECI9j8MqGinCk2nI7a7GLOYz-b69CAW5yjY-0_vklPKMnsU1_Jm_NBM_pdTs4s6KOReT0hFvqT1aO-astVctudMfi23L8z-l45p5u4xizayjapYIdAuQ5J1D0XhWT7urt36ZOAVXauAng_tMtBvDuwQtNVgZpCuJQW9mMT&xkcb=SoCB-_M3L6x5PFzkxB0JbzkdCdPP&p=2&fvj=0&vjs=3
【フルリモート可】データサイエンティスト、データ分析エンジニア/の求人の詳細,株式会社Sassor,東京都 目黒区 上目黒,https://jp.indeed.com/pagead/clk?mo=r&ad=-6NYlbfkN0AEDj32_2WKZGF7eZ6PKAMgRkbXjZfGGRai3Usprx1rk747O7NH66Jyx64brPF1GQ8w6yt8s3s5jJpcTnqfIwKR0boyL8Z5UpBL5lfm0VpiD-Utnwi5INueXmaKSMy7_35cvl7-Iyy1YwGctRE95gALQHdvsuJtfANPwk18nGmDcXA4HSn9YbK3_0XHBfU5f6DBOsSSdnlHLqyJAM-9sueW6pHpVusCSWksUMJhrBBlTUB9fib94WokT4d6Z5_ho5eKBOObdw8m9QAwu3IU6kycEC7AvdGtWCBGL2yD_dyjy2DM-3CGD-Qzhvw3fJk7Rq0uLmEJO3GIimCT7efT1RtQGVlgasQr2Mkrt4Px0eEWpocIIjqJGs6G_PE8WGFMu5yrftZ7qk42_ZmOZHTiIK0ykrF9MoE51H12J1Ms8wsEl0F-6_8XrIpAra0HLX949CLGk_vXCE8U-Zlpr3GCL0KD3ZkGlAeLsITWn-ZzGDDQ1p733H9siTxp_Z1_J81ogT-X4IHuP-7iZLHPcXwqpOFHAJbwI3vKDeDX6G4MssVfCXc4iFtoM0adUbvy7G-pYUyzCnhRifBVQf03LaWPyXMJH4H2rLur3UX0bTqB3-EU5F4akKAp2TMgZE0K-81G-yJgMTcMUHrE7W3AX03MEicW6Bi3Z3-AP7l8gPwvtAcosDom0E0-uAxF5kgozU0Ds7EbXl2ISHir4bRnOV2DvYalAWaHUghMVvY=&xkcb=SoA1-_M3L6x5PFzkxB0IbzkdCdPP&p=3&fvj=0&vjs=3
Pythonエンジニアの求人の詳細,株式会社コネクティル,在宅OK in 東京都 千代田区,https://jp.indeed.com/company/%E6%A0%AA%E5%BC%8F%E4%BC%9A%E7%A4%BE%E3%82%B3%E3%83%8D%E3%82%AF%E3%83%86%E3%82%A3%E3%83%AB/jobs/%E3%82%A8%E3%83%B3%E3%82%B8%E3%83%8B%E3%82%A2-a7fc0dddc38d401a?fccid=7d804d1d542c6f5a&vjs=3
AWS・Python等/サービス関連のプログラマーの求人の詳細,株式会社パソナ,在宅OK in 千葉県 千葉市 美浜区 海浜幕張駅,https://jp.indeed.com/pagead/clk?mo=r&ad=-6NYlbfkN0Bfsgzbb70wH9N2EimKDwVGwjM5ZFLW5Hf9srnrAkCSjLqND7tZQ5quSSWEYNkTlBz4Ksq7kHZ85HKw6N26Uuud1wP1zBw57XTg0pbX4mIE9IWVOn6h74tdDSrBp4QL9EIfbgamFPrfEAf_p6pW7Ci7-_5Ko0wA2c35DgG4uma6vbY4SOFpN1vqUBLDGVtx_JuLsbBE980YRrd_p0D2o7lqWpu7f3TkCTq8TFKNT0b2XRGhqmIRePPy6gj5QLiJrzNwpgZg9UmH_Xmg2EOQh5YUYhtHDxvqc3szIektughFVvpOwIF5WvgqHE9USKurrVmga73J7ZLIJ2CUkjKh9DsJw-imu-OUJQFZnGOx1BiAP5W8voXM8teXN6vE-pmFrEeunViolcuvRO1iGGT9Ol8D9N-5rVEDCHk2OResrlamkpf4bjz-X0G6nx7ToNrRO_k7hE4sEG7M0UPMi9qc8jFUYEZleUmX5SvX4fzfQoaFXGTVwCQHVZKS1PMsMNyZr3591KL6KIvlxRgZ3kuGfoD2fhMPfW3Mv30dGjhdoITL7bYEEp35RanC4pSlxxJyb_iP_E1RhSoHjogiZRRo4mlCbxpij6lIEGKk5i9hdWaOuEGlxd4lm1nIhUuGy0m3vNj0QJ1-poHC27bJ0TyoCPJfngTqS4E0rknplnMJPmGD2MQlsmdMIMEsfhpwzeNsmcfbx-fdAixt6Xk4CpNqr8gz48oNh3y1bhnDYid86P3OpWCRHEV1w-A0KRIOCK2akz03ZkvO5MFi_Um3K3eYmzE_sVliiNNCb5B3vOglnPcROV-WpfFdLjbi6cBiG5qy9BqLVhG7dHE1iGG3_vfrLO_Ia9Wg71UNsR2SJoDEDGi-Fw==&xkcb=SoAP-_M3L6x5PFzkxB0ObzkdCdPP&p=5&fvj=0&vjs=3
フリーランス/Python/AI開発・気象情報の画像解析の求人の詳細,株式会社ハイウェル,東京都 港区,https://jp.indeed.com/pagead/clk?mo=r&ad=-6NYlbfkN0A4y35vOBPCh6ZdtBgTX2Dox0ngV5uCq__iqgsR7M9wxHR4nK0XfhkbVnw-azQSpH-mb4qbUgPSzP8zgoZZziQeulMbZDvjBdwaRp-lNwvOlRJDJX3ig9z9OKLYOwreyMTeuZONqnPRHoSWAOqW-aZSVvzU20w7dXtl4Sy77_KB_cSsOzkAt1orlcVD9oqTmTYbqmJG60vKDsrPzHYMmTnuf4jTXBHMfqAEhOIXQB1NTuJG4Q34dynEXA73tEKRhMfch5ctYD8tRNBPI67d7IaRjIhDPTTl2_uZ0W6Ml3-baOhWhpb1yZcAitWoVjCpM00Hsxh8AKGWzZBlQosM-H2uUhEeKWXKacNA9OyzpbsSJMyyfdQizWQDiqXtpTacHx-GfVWD0HS4McmhFhDoUbUGpOu7mXsKQEFqiaJN-Po8PkE6UGVhIFFuhav7ChpKDRVQYLOrHkHURkzJa4A_GtddWrdMWBEDUIiS9e4mD2VjOroGDTfmggGqb1Z_p7IL_ujnskh8hAy2mEaNiZRGuxCTRhgQh_EAPWb2SGmwxTXrJV00_W2tX7s7EUO4VC7-Mfp6yTnoOWy7Yy8rSpi71LLtQw1wDCHBqtiBFWryp9YDc-X0kDS0L7uiMhcyNw6q_EO4XlQltl11W5NEAilYlMU0Wx5okj2MbYo_16JZ7tx3LxynBx8yB0x1lC-Pkpt-Fvo=&xkcb=SoCS-_M3L6x5PFzkxB0NbzkdCdPP&p=6&fvj=0&vjs=3
Python/シフト作成サービスの開発の求人の詳細,株式会社flyhawk,東京都 渋谷区 渋谷駅,https://jp.indeed.com/rc/clk?jk=4b7e9a9975098fa8&fccid=de7a7b3b3139bf61&vjs=3
Pythonを用いた予約プラットフォームの顧客用カスタマイズ業務の求人の詳細,クラウドテック,在宅OK in 大阪府 枚方市,https://jp.indeed.com/pagead/clk?mo=r&ad=-6NYlbfkN0B8wiewhdtXbxvi1fpSJZbRxhIhdfuO5RftiS9Zu4sVc-M46SZfA8GJD0s21cyLKqKPiiL2A7gXIecXh19YrWJopHpm2f2KrkN1wISsh3WNZ-hcwSOGsSv8kw1x6cd9RphsJZyvaDP-Pf6qqeIFx-L5JicN8X935qJ3ordDm8dpXhZwUkCm1xI6EkYasYLH3WRQk8vjneNW_sCpwKRWaE1DVsdUEE11jpsP4jwX7i55VPDlHRXDv5Y8BvU0_agE4geL7pIrKgpKBhREP_BcHZWCCcFAamuOHXAvHceT8n2JDb6zppeVvHcI3WIwQBMDb-A9cvBimL9YKGUEgDHn3G-PoGUP04O5TMVVBPuXS7twa43k5GQOLOz2B4Yz39gGAEBwYC0-sZFI618s6LEwfrbN6VFmQlS0zpFNN1VnWs34pB7f7WcS0YBzHdE8zKj9wZRxT7id9eaFyjOoueRyyLvXR5fxvXKIgdgy5g-1v9SSx9JtaN3V_VrhPqVjxHFdG2Hl41wijR4opo7Rp6tf0Ae7WFjqfE4unfcwMaDYzK8aJ49jq-Sl8_Tg8rriSC1-lgL6JY9hTq-B8EJyGOljFtJeEouqR7nhVma-n5py3REmYAj5i9FalEQnV0uzGwenqaGN26S4da4YwEWdue_qcx-OH-zvx7lPBWlM5hA_6wH3ywylHSUwEbS0j_0EsCnpbygp5DoG0JxQYRWg4Y92kxFjfis5OCO0_NUZ7aXcHtpkkFKhip0grFVw1PmI_UOG4vou5Pt1knKUda0VLSz4zoI2svag9l1jxYntvJ7rEGtbrVL_VElYacBXcqqYH_Lw8QrAi9Thlzj3CgCs4F1NHPhbX6l1-Fnf1pb2oKNJ5isMmWmW_Y1atmJ-z3079LJZF5_7gU3630QPFsQsje66Gu3RhsblLuBCGiMetXin-nWCG2iEpe41-Oj2Xc0vN4NKuZUUMo7K2oB7PJcFHvmehxTLr95ev12UHAvyXRqHh50rHNTuyNHJAQIg0tG-SCkVHzFPvJ14r0NIOfysgXhvHRlenKajhLSP0eX00WU7A3qc-tgR6Lu0c2PspNPH_YvHHS4MuruNnmhkck7dJ3PkN_G0pJkwWWbJxvy752M1YtTXnldPdCt1giUI-Ogu0KwqG0YZr7SGY6WCZHxHQD8qrNreWgAph2IYUrHyiHhvaflFSW2f9OEpfhbAJaw_9XXdNVASGuczCOHj46Ci8B8uihAYPmxAD_5KVytLt1Thf4Baqc0lnWWVBl-j72PDAwDA9HTp_ytLPs-ryV8ox9pXxU_oYqf2Xzky5q4A845bvYuzcdhCng96A8hVAUgEy8nOepPF2DMsg4Ia7w==&xkcb=SoDP-_M3L6x5PFzkxB0DbzkdCdPP&p=8&fvj=1&vjs=3
ITエンジニア Python,バッチ/不動産クラウドサービス導入のバッチ処理作業の求人の詳細,株式会社Arkanoids,在宅OK in 東京都 千代田区 神保町駅,https://jp.indeed.com/company/%E6%A0%AA%E5%BC%8F%E4%BC%9A%E7%A4%BEArkanoids/jobs/It%E3%82%A8%E3%83%B3%E3%82%B8%E3%83%8B%E3%82%A2-fbdc1a6a246be0b7?fccid=a3d18795913cab07&vjs=3
ゲーム/その他ゲーム関連の求人の詳細,株式会社セガ,東京都,https://jp.indeed.com/pagead/clk?mo=r&ad=-6NYlbfkN0ChAQnTgAlTXH8o3iF2sxLW5G7jFIhTFuzEoBoTcS8KKmtnkkrWpxvxOL29FEKY8VeEwAqZGcvD_Ece1sz1Ua56NjgvnL1V3wnrut8kTbomH2jnd3puPwO_mgKEOgVubARRgx0iuuSzPjIu-4Cvw7yFTHh25pxVOZ_REdaKoeWLvdMj0wT5cEcM4LqNotz8tm1PqP072U4SOuKh9QXBOwyRzpYQQEUwFIRuGJCWfTav9jBDj9rfUwbTydtcTVyYJQ2G8HbmKxW1q1YKCunL2WKhGvaDa_SxXmRBz-NY3cgGc87halqR9hDXYcMFwhIGZpaJiVkdr6miYfIakockFt1IcIz_pi-ejkZcxsz2ToPdM8wWlhuB8Yit5ATqwQkTdyIM1o1kZwHMhadScbhgiwRVgjMo48HBZOszwxOYaoLWZV5FLnlfHAb3t21RCOMKq9q2cPBfTi3egVGlXvNMIAtOYMWcyI-b7VCu2VVh5iZI321Crzr_umtY9VYkUl0r1wBO0DeqVyrwizyYNikD_C4t_HvRr2RQ_I4iQbcO3UvrKQ==&xkcb=SoDm-_M3L6x5PFzkxB0BbzkdCdPP&p=10&fvj=0&vjs=3
Python/ゲーム攻略サイトの開発・CMSの作成の求人の詳細,株式会社flyhawk,東京都 豊島区 池袋駅,https://jp.indeed.com/rc/clk?jk=4d0dcc04298f0744&fccid=de7a7b3b3139bf61&vjs=3
フリーランスエンジニア・Pythonエンジニアの求人の詳細,株式会社アスタ,在宅OK in 東京都 千代田区,https://jp.indeed.com/company/%E6%A0%AA%E5%BC%8F%E4%BC%9A%E7%A4%BE%E3%82%A2%E3%82%B9%E3%82%BF/jobs/%E3%82%A8%E3%83%B3%E3%82%B8%E3%83%8B%E3%82%A2-868651f29622e562?fccid=f07b77eb7995779a&vjs=3
《Python》AIアプリケーション解析《フルリモート》の求人の詳細,株式会社bluena,在宅OK in 東京都 23区,https://jp.indeed.com/rc/clk?cmp=%E6%A0%AA%E5%BC%8F%E4%BC%9A%E7%A4%BEbluena&ti=%E3%80%8Apython%E3%80%8Bai%E3%82%A2%E3%83%97%E3%83%AA%E3%82%B1%E3%83%BC%E3%82%B7%E3%83%A7%E3%83%B3%E8%A7%A3%E6%9E%90%E3%80%8A%E3%83%95%E3%83%AB%E3%83%AA%E3%83%A2%E3%83%BC%E3%83%88%E3%80%8B&jk=cfdf6884fbca08f1&fccid=c9f67d9b0d24a5ec&vjs=3
半導体/データサイエンティストの求人の詳細,~世界最大の半導体製造装置メーカーの日本法人!~,東京都,https://jp.indeed.com/pagead/clk?mo=r&ad=-6NYlbfkN0ChAQnTgAlTXH8o3iF2sxLW5G7jFIhTFuzEoBoTcS8KKmtnkkrWpxvxMCrN6JAaPs0JMklm0ar4ECa6qHSJxWhoQO9kT3hUZI-SfjV5LsXfTkA2RUG7Ne3wIe9cjHTS2waHzM5n0KUng17w1Q-Ys7VYoyFgjgUOac0YJO4I3kLBH6DtHeE0Fq7tGYHbMPbCMlsBZM5V3wUV7jIh24YE_OWB4x4yccQa-rSvdMhYwW7nf7YXIaKaX1nxfSLbdXbYs0h_Xgkix25lL-XjVYAqIey10EysBE0VNwDWf2MQ7GQHGyTk2VwbsCILiORcbeOqqhxz_PjxHC6A-kcPoqIQV_w4oKmqyo1PZTpvJGXa3vlSVbM0UPGN1n8ttwyOGBzzKlZAuH7B21vSrNZ26d4APhYKE2UwP1J5LQHotsD9PoMHApLNBeh3-doIAuMQ5x7llPUxs-Qw4JcWXjvh39oXa2pntOOecavaKJVkpyRsgMdVPbMwLC11gabvjNvWhNjV69no3q6TYGzS7FXpsqN9V_Coqsg1PHcWGBV6e9DjKsYna2uPPKz9mERo&xkcb=SoD1-_M3L6x5PFzkxB0FbzkdCdPP&p=14&fvj=0&vjs=3
Pythonを用いたデータ解析システム開発業務の求人の詳細,クラウドテック,在宅OK in 東京都 渋谷区,https://jp.indeed.com/pagead/clk?mo=r&ad=-6NYlbfkN0B8wiewhdtXbxvi1fpSJZbRxhIhdfuO5RftiS9Zu4sVc-M46SZfA8GJD0s21cyLKqIGNkVNOY7vrMfqXc5etwKzmb5cvLv8iTHGhHycUOeRyDLwWJCPE8ai-3hopN2sC4JoYt7Gj0D2gtKVOP_H0wtPaJa6uwqZ-9IDf5jrMjgU4Z1of5Laz4WpWnvSB4a2iPEI15iZQ0TckD9bzuN6xwMBqbAYr1X12bt0U2G5xeAlvGMft5aEEvnbYdf38tjwcN5tKsoDDM_f-fB9oZ2Uy2dVYUenUZi-buc81vIcbKJrlz0d_hl6EGAtpGy60dtt3pqtwML-WycycNOPTy_PEyjJG2LpzslHs95UeXnG8Le36OiFnIKCpffKrAXL995yAnogemMPr6ZKN7v0_o96ZQ3YCK0TEPLzM6OJKor_mWBNxLL-5VyPmC6OV0Gj459al9zpwwwbNUgse6yujtmnrTNnoOMXBmGG00DrXXoS5jiJTwVUv1dynyvDZqRJ8WkG1om2HJvGQmwglw2JvXIKsUq-P3keXg0JkkJ7SEUoy5DBb3h2rvm4t4iyJA63ISIUxB3siLntveL3b9lYYeiVBRRT_dI6HfhqyEGzAnwEdpGi0nNL3RP-faYjbFUS1rHwdwwojDi1kUaavBG_acT8y03R34em_7IerGkIiAszbOxMDL_fHDPzG0J7SB0lHQwHEXGBhsuHezGzIJOhvJHzuYI0eqavlxqzfrwMlOONUhfpeb6yeanXKNaECjKQhmyXwSylYfpZDZC_qI0luICUVNn984u0mD4udzSpvVrv_tWgG_ciIEUqTFRiNfrekw50aqWD0DcxQz3B2fdJ-l5t2RNDjfWH6uPGAL5abYxBQmNLLo3f2qDszCtNB29vl5LLOtThK7kpXPI7bBoff9GIXVXNTFHgUo5EhntSsqgzQn5P2zX-aBVerCYkDDUghbmieJxfsnLshPip12q-hlKMz4wg-1TSvC4asQ3VlzmA47h0mkqWbOsJMnhuZVeE_AF_dGim_zFvNvZOCpjWxhOVP40PG5e0buW1_cr5L4WY5ft-Ia-bdJFzn562X2YyoKE6WlU7TfJ9vo44h6RCFwScBbqmjS1j9SjPs2eM6iS7RGbrMXpvDsM7r8tB0Ysj3W6hDFhcw4Q8oCuMUwWCBgRwy8tb&xkcb=SoAl-_M3L6x4HdzkxB0LbzkdCdPP&p=0&fvj=1&vjs=3
ゼロからの研修があるプログラマー・コーダーの求人の詳細,アーティカル株式会社,None,https://jp.indeed.com/company/%E3%82%A2%E3%83%BC%E3%83%86%E3%82%A3%E3%82%AB%E3%83%AB%E6%A0%AA%E5%BC%8F%E4%BC%9A%E7%A4%BE/jobs/%E3%82%B3%E3%83%BC%E3%83%80%E3%83%BC-d578e383ca119d15?fccid=32522367b004a190&vjs=3
Pythonエンジニアの求人の詳細,株式会社スーパーソフトウエア,ハイブリッド勤務 in 東京都 渋谷区 恵比寿南,https://jp.indeed.com/rc/clk?jk=a62911f59b9b3d6a&fccid=4b382d455ee054e9&vjs=3
【React/Python/設計~/フルリモート可】デジタルツインを用いた可視化プロジェクトの求人の詳細,アン・コンサルティング株式会社,日本,https://jp.indeed.com/pagead/clk?mo=r&ad=-6NYlbfkN0B43xXgq2KP4MblIafrzh5VOCqNBBdYpQq0MST61P3UyY2NZSZaqxOPcPwQgrSJ91DPYeFlRtFeImXjc5inJkSWsOOMCQSBsPZ0FQj5p_x2W4oobCslcFAzhVXgkRADbFQXIbz5A7UR3c9bhAiyrQ6cdjn4zZChdZvjv_vpcI3HUfpJ9dzSmQB92_72j60MVVIFKd2CR5G7IIJwz7jonRZQ5LYazj42usnREaUoqioF_cqpeiTgN0YsuOi_FJlkVqIF0NUVQ5xizsr5Dc-26fwDC9gdGoUb4PyhEkzsEZxhp-5CNgrUYObGjDUU_WmJ-9hH89U8rbFMJJYbWN1-i0MlBEnyfIBrWcVRftMHa_E-9BceqZPB4WIJVTrkzJtFUPfJuOZbTwdH4s0tfE_jy91JcZo8WA8TGlH9z5l4Mm3CTEJofl8ESVzPnbuTupGX3mm22zo7_6Ygzs1s8uY5TivRY3lcLPG6do8IU6_DX8H9XXfy7sVKLCv63fI8IQTGDjNu5VrSqyxe2N1rUbMT69g9DM88Ql850ucjqtntZCaYwHluH39KqVz5VWAvaBpmzBaeHGZZGfIks5Nj7572hho3xW986tyjkTBuh-mNs-pUkzYxxgv2bOUEBC5vymYg33S1BhdvGvYSKtEprxn10CaEKsaLTeFhQZ-yumTwMQ__sg==&xkcb=SoC4-_M3L6x4HdzkxB0IbzkdCdPP&p=3&fvj=0&vjs=3
Python/電子カルテシステムの開発の求人の詳細,ギークス株式会社,福岡県 福岡市 博多区 博多駅,https://jp.indeed.com/pagead/clk?mo=r&ad=-6NYlbfkN0AEZeQ5BDHuTqhiTI2118DcpXXxVE54bpFUdQLTLs7Ju6skzmOmnDwKYSyD-iwdsou9vA7RMKbHawQU10VjYwwsTwQ7Bf5EqCRoatENVN6mQp4wjvRuIv_YYvSYYDs0SiRuWLblAl5pI9YJ-HKR9wDni7Gd9dJVFDs4ZFsQQCzg0GCiyCajzAgiDVlmKSMi-wx13SV5Xxxzi2RlhpEKrpufc_AGhzWVyknsIJBm7KQ2d8__nlJfOdbtWp4Txana7IiY65PkTqnkaqcdwf-h0kx5Pp5MWVaV_Tdc-gBrekltDEPY-CIkPXU1CZh8jXQAfdQNfnzSpImaNJe0krGrYhCQQDF_CAY_d7FTArk5cLzue9_yBIfJShubttbnksuaNwhTPkb5jjfZTEMhcxa8mk-InOKHwUhX9CI751Gh7deNKZYLZ_m_D_f7hN2IDUby-ImUiaez7J6yGPD6IyN_Iv1QR_CSy1BcqMdixr_4xVkz4PDGg_b7jq80jej08RqL7YFw45RshYvtlfQjJwB5BGbbJNxxRuKDq8GKgjS3mftH7RqJK5VdMCr-N6dNStmspMHJchdc0D0XfNCwzofsN3UIRiYbEV6Ml8_v-cN9cIcazSUds1eUs2rc&xkcb=SoA2-_M3L6x4HdzkxB0PbzkdCdPP&p=4&fvj=1&vjs=3
アナリスト(SQL)/の求人の詳細,株式会社フェズ,東京都 千代田区 神田紺屋町,https://jp.indeed.com/pagead/clk?mo=r&ad=-6NYlbfkN0AEDj32_2WKZGF7eZ6PKAMgRkbXjZfGGRai3Usprx1rk747O7NH66JyX-FR311I1oppQcRyuhkjTsRuKIfhcbKUN20Sc4tQOBZIaffrFkYJh-HqpiVuXZNBkhqNvk52OAm7whCdURUEFbSuCFfYXbNles7GjaujCRyec_T9xY8JtdaczWn1WLZWHpU6qtTi8Rsgfy8KvoCQmDkeXH53qMkyfLcjpyHte5I9ykW8ijA_WOu10Wo1lVu-uqEcYQqbqvZqzXQxAwxQqkcGi0mi_l32VwfgVMfYdTA_fSp4BU-EeHebBfFX0ZX8xVgmohvaIYwDqukTKS9Hc8kAcnoFf8fIguL1zB8I9OA7Ge8BD9Akt2YRFKLsw_Isog6lCbbhIP-LCwub9T8pwSF0E8JWwuzc218TV5qJNQbvaBMKIirIEGCjU2CAvp0Xc_jAHumfFdzIgCpFwYxRlKpZUIsThzfojDwFp9FuDUNvTxc21tr2GF_dxsTJhH3Mb40aXgN1724gcS1EbOMWKkXoSPzKVcig2EtYkqTJIMdgklonYEErT-ACBzVNj8PD6PGnoWmn2uHWzh0dmyP5EXvDgw2s6-nfEeZ8aF2ckTLNOZ76c9qlvWEJi7R_IHHibfLovZLpQGRjnUH-mjhwjbItlJvEhadX4medP1HySYUH0EYbHjYJ6KYcQJxXFB5iU7RSoMJJrBfjbdq1S9xKVxmFfzfV4IwAg6pcc_JRrH4=&xkcb=SoCC-_M3L6x4HdzkxB0ObzkdCdPP&p=5&fvj=0&vjs=3
【業務委託】機械学習エンジニア(データサイエンティスト)の求人の詳細,株式会社Hakky,東京都 新宿区,https://jp.indeed.com/company/(%E6%A0%AA)Hakky/jobs/%E6%A9%9F%E6%A2%B0%E5%AD%A6%E7%BF%92%E3%82%A8%E3%83%B3%E3%82%B8%E3%83%8B%E3%82%A2-ffe8c78c8df1349b?fccid=37333f1c3bd3ec98&vjs=3
Python/AI技術を活用したタクシーサービスの開発の求人の詳細,ギークス株式会社,東京都 千代田区 秋葉原駅,https://jp.indeed.com/pagead/clk?mo=r&ad=-6NYlbfkN0AEZeQ5BDHuTqhiTI2118DcpXXxVE54bpFUdQLTLs7Ju6skzmOmnDwKYSyD-iwdsotrAHLdhO1pLf7dHo-zT6mr_nw14UtbfY3xwbIg1iV2UbdyID2dvbrlVrIXXt0SL-2W5ZcSL4q92jh5dmFD6o-wCidnGqy6KQcidKbpx5uMZEKRkWjeE3dC-tZJjznKxa8fG6r129iNoujHnkc5irftbIbM1uicMNIFGwWPF7plHM5plDEmFUmUxZJqMTKmZBN_XA9g5UsQpQMAAugO4C24FuTjr3Fw9PiePid5lrXyJmwLmVO6J7xd2TJBvUd8H7LYnQ4BX-c4LfV_rpXGu8qbnkiihNsdZ6atQyc9r3Ic0-7j8hXyJF0x2krG6oFkKs63C_rPX_2ufnjpwGpU50fhIeDtr30qyc8vOOpGYjrJYITfFpQori3MElZWNsgBObbk4Zccfdv-8jSyXuWupp2qA5xqFJ43rvjqlYzUf1O4vA7a2U8C3fCMMwcAk-q6lzIxlrNnv6YcQqLFKVmIGKWLmI5L0h80RXoQFMvfTEE4bobgGLzoPeKn2cFypemaR4gatrteOrczUHH_5WMK6b7P9L1owlUdC9PUEdRIIoepoF5syc0l9ATP&xkcb=SoCr-_M3L6x4HdzkxB0MbzkdCdPP&p=7&fvj=1&vjs=3
【Python】BtoB業務システム|~90万|大塚の求人の詳細,株式会社ビズリンク,ハイブリッド勤務 in 東京都 豊島区 大塚駅,https://jp.indeed.com/pagead/clk?mo=r&ad=-6NYlbfkN0BRHm2IxWC4713jVl4c4cUIIbv2KI-0hD5gZ9F6ipdBrEgKqotB0_uC4zJtPpgNpzyly-GDhx5YIXoh6ruFOpTvjA3LR7LuACyVwuU-vR8yjiqjq-ctuiM9hlrqgLS-RB76mVbDAFUkXEV7S1fGPHdCKJv2dbqMFyV_55YxbHKl4VHelt2rO6UwUNHyQw1wz93wHeDzswgH2fiMYe60nV1IdtoTjFm054Vh_YnTCkMbiCz0NEl2R_3-XKel5riWo6qyD73XT3dlZuuzMGohJNeMNAyQo6qF5_cXmtzuSFr4ksxl6bNYz5LQhOaIFXpbBqN-bgU0wlQlg-Tvl9gDcSgW7_g-adsX5mUNl6Etiix0qWrOP-NGCb8TzmdxOuHSmzPvThrIzgq7hMzqSB4UdXZL6NxNIEcMChyRsxrUEr1m0Q9IX5Q72QAjcl8KcoceH6laUkPgcYwvyk5dBfe3kwLL-K7c1tfJwHMNqRe4BhZJH8wFcj2BtqaDarfUuvNhVHij3tWzwZ7mBFn4CELLAdhFJ2zYkbVlHOLB6d-SYOkpyH9VPqBzWVvMnSgkAxp0dfAl1wl586wT1UZzUClx1bmeHxqRGmYrDAFtoDn4s4lrOvjjW-8qNB9SQF5WpnzNGnrwbr8xOcrYPpdoRYwUhgj-cqig6UXNrPApzA8fSUZdNVdorch8vF9Q&xkcb=SoBC-_M3L6x4HdzkxB0DbzkdCdPP&p=8&fvj=0&vjs=3
ITエンジニア Python,バッチ/不動産クラウドサービス導入のバッチ処理作業の求人の詳細,株式会社Arkanoids,在宅OK in 東京都 千代田区 神保町駅,https://jp.indeed.com/company/%E6%A0%AA%E5%BC%8F%E4%BC%9A%E7%A4%BEArkanoids/jobs/It%E3%82%A8%E3%83%B3%E3%82%B8%E3%83%8B%E3%82%A2-fbdc1a6a246be0b7?fccid=a3d18795913cab07&vjs=3
システムエンジニアの求人の詳細,株式会社Neueallle,大阪府 大阪市 北区 芝田,https://jp.indeed.com/rc/clk?jk=e2fe488da8735b94&fccid=2d47e471ab73a489&vjs=3
Pythonプログラミング講師アシスタントの求人の詳細,株式会社ウィア・エデュケーション,東京都 文京区 茗荷谷駅,https://jp.indeed.com/rc/clk?cmp=%E6%A0%AA%E5%BC%8F%E4%BC%9A%E7%A4%BE%E3%82%A6%E3%82%A3%E3%82%A2%E3%83%BB%E3%82%A8%E3%83%87%E3%83%A5%E3%82%B1%E3%83%BC%E3%82%B7%E3%83%A7%E3%83%B3&ti=&jk=d8f37c663213856a&fccid=46b6808dcd14430a&vjs=3
️自社プロダクトのSaaS連携(Python)《フルリモート》の求人の詳細,株式会社bluena,在宅OK in 東京都 渋谷区,https://jp.indeed.com/rc/clk?cmp=%E6%A0%AA%E5%BC%8F%E4%BC%9A%E7%A4%BEbluena&ti=%EF%B8%8F%E8%87%AA%E7%A4%BE%E3%83%97%E3%83%AD%E3%83%80%E3%82%AF%E3%83%88%E3%81%AEsaas%E9%80%A3%E6%90%BA%28python%29%E3%80%8A%E3%83%95%E3%83%AB%E3%83%AA%E3%83%A2%E3%83%BC%E3%83%88%E3%80%8B&jk=35f05b7b8e06f730&fccid=c9f67d9b0d24a5ec&vjs=3
Python/AI姿勢分析、電子カルテサービスの開発の求人の詳細,ギークス株式会社,東京都 文京区 本郷三丁目駅,https://jp.indeed.com/pagead/clk?mo=r&ad=-6NYlbfkN0AEZeQ5BDHuTqhiTI2118DcpXXxVE54bpFUdQLTLs7Ju6skzmOmnDwKYSyD-iwdsotsmET235P6z7ZyZnIQuyArpUitlDLETzrFIq1SPN0j7RoVVozSzSaMB528Ud9RrXbKT6W16hbvH8Oo9ve6UhE6GNPtD8Jr2SGC9qZf0S7Vs8zz48nG95A-Mq-jagQ3WCVEj8u34E4yB2cv_Sl72PM6zaytxtHbskeE2TMaBSk9SSXxxL3x-3KJ9jYTgJt8i68dxXJ6na5Tog6OV8i3-qWLhsxL8rqX19BmsGPV_YUboriSlzhqNyDMmGmNXS3xzkgP1cMKBat6JXfulMxyVnztRc_a49QjDynJqdmJycayeZzwHCmuXh866wAf77FYMZjoFlnQN25ARtt-w4ZAzt2qpm_t7hHHi69krsZcyq7yhI4V-5JVRB43Iua2nM5jNE1D_sJKy4Hgr6rbXp2yLB9giyXU0wjqE2wFr4eV2JYhCoGcEq0U-5LtFO-L0QOftTCYI_WuXue5wy8xtX3LeBnivcfjTG_ibJzEfguNhtwCtWuYUN3EARjNywx9XpaXL2zTR6PO0bs3rY5sEHRVIezvDgFNK1avP6o0kl3sjQlMmkPwKF6xRAcS&xkcb=SoDl-_M3L6x4HdzkxB0GbzkdCdPP&p=13&fvj=1&vjs=3
Pythonエンジニア,機械学習/衛星データの機械学習による解析業務の求人の詳細,株式会社Arkanoids,在宅OK in 東京都 23区,https://jp.indeed.com/rc/clk?jk=55584c0eeb9a70ed&fccid=a3d18795913cab07&vjs=3
【Python】デイサービス運営している企業での社内DXデータサイエンティストの求人の詳細,(株)Next Fortune,千葉県 市川市,https://jp.indeed.com/company/(%E6%A0%AA)Next-Fortune/jobs/%E3%83%87%E3%83%BC%E3%82%BF%E3%82%B5%E3%82%A4%E3%82%A8%E3%83%B3%E3%83%86%E3%82%A3%E3%82%B9%E3%83%88-a6a7ea9c0249c357?fccid=1f5b45ad8077eab8&vjs=3
【Python】予算情報の臨時データ処理機能の開発及び実装業務の求人の詳細,株式会社エクストリーム,東京都 府中市,https://jp.indeed.com/pagead/clk?mo=r&ad=-6NYlbfkN0DzMIXuv8YSi06KWIMFY05ukGgdPWIaM5Yz3YeMy3yTyAWHAe1gKPKnM1jSgKk0ldO4PxhfbxZEGBqyws4OK-QukozjcJ7BO99KDWI3Gz4P_EsA6P3F5z2Eu9KRElwsxP6EREFysOs64YCY7SW3hFMheqXAoyvaThdtrIoow7F35y9a5MqJneT7su47qmEoxqT_TBhs7Gd53HmPiTYWqAXTyGJYe9K1HnTI3gFAhY_gPVgxStsfFUtC5hM9_lIZu8aBJO_Z87rC-C4RfP4Z49HBATu5XIT6DSkI7L__cEeQ0DAYDnA-FscJatiYS-p6HU4E_hlvqEEQ4n-3l5lP9XVWVvjpTg1v-_nz8klvhAIVuhu-gfZqeEJmHKfjMMAWu5NKbHgyR3EP9s3apZfXfiZdnTExesaHfs0ouVLV_7o2r9bAMtt8DEzkA5uYpCVIxTABbTLkx4lLiqBIi_Wktro-7Bb4xpzaNuVsoi4EnFJNCqgg5Dti3nzWTr5r5ve0R1yYW1J_ksr5Ff312dXdNzqFBS3IQe9GKTIcN92hvkGD2ea1tYUb9MyVieoDITSAZDHQBy832L7aS0qM5N6MHwoYMf9CySF1zFgrHJ7eOmLepxOQMyK855Nq4lXDp9Px3AaB4cVeXb9zdzBG6V7S6cK2YhHEVZjssBft6wlsaSSlnA==&xkcb=SoDv-_M3L6x30RQJbJ0KbzkdCdPP&p=1&fvj=0&vjs=3
データアナリスト/の求人の詳細,株式会社Red Frasco,東京都 目黒区 中目黒,https://jp.indeed.com/pagead/clk?mo=r&ad=-6NYlbfkN0AEDj32_2WKZGF7eZ6PKAMgRkbXjZfGGRai3Usprx1rk747O7NH66Jyx64brPF1GQ_4z4_zn9YPOgTMk2fG-bLA5OfkpGnq5lMH8Dc4oUlB3sWcsiHHv9dk75pY2XQx95SfrbAtTP01_pi-1pkPm9A4F5o67auycuFQhFxoAFU-cEhO8w_iy9Eedh5WIspoV0CHiXYswUhpBcJABIcAOqFdC3QaH5Z4qzIUFh43UGi8utdlMWJvAkh9h8nlC2C9kFl0TyeCdBTNwuEiu57lk5X3GYo_VpLzM5D1a9zcr5S1D96rjQ_DK9jVfeLTf1nSYdICr8cMlOoj5m-L10-WTHHeADW0rgGwuaI1VTZVcEflyOlR6-d8rPRCcmVOZc3mSZHwDzZfkWUQ7kIKKb4kyPpUfIdpDlHgwLXFGDITFW4oUnB98N6lFk7SHk0gdT589R0DmBhjlLSw3IHToHfkDcPCTsWcUWob5Rd7dcD7f9zAYzqqlxB6BlopEmXlhh_xCmybMJI6tgHwM2Rcn0GTxfoA3DKhENYdwqn6a0ytU4gbAOHO9FKpvfSPCLAYeETNp9eRsd_-LxYhYX46jjnX5EgWyOYoTmn3lz4YKkydkNE0dOGPAnTUP7XR9U4ua0lzDnlBqKwdDf3KM1r-Mwz3ga7E4Ko4sVhGV43ZgD4T_2ziNWt5YEhTHuiUhfycJUKpH7sSNZa2RoK3dhBcYPEy81T_A5Ffi6sUInw=&xkcb=SoBy-_M3L6x30RQJbJ0JbzkdCdPP&p=2&fvj=0&vjs=3
【Python】研究関連アプリケーション開発支援/開発エンジニアの求人の詳細,パーソルクロステクノロジー株式会社,神奈川県 横浜市 戸塚区 戸塚駅,https://jp.indeed.com/pagead/clk?mo=r&ad=-6NYlbfkN0DiB0UW_1NZIJ9skl3XvTMASDSGCbiIE45lKiSzIAB83J5zNxg2Lx1khv57e3N_88CD-Nvl9El8M0GpdNcVzeyJBymh0Tcc8GyhKRWbid18rhNUseiyaLXHk4itFLzxIdcB4gzhPHRG3uNKia5Chn_QWXkg5x2fnEhXfkGn0N3Er0uPbT1oflqBp9oAlePeLEGGJuMruVS_a0dXhehmX2NRqeR_ROYvJFV28_y0Lgn3b6JqTIchWE_wKES2L5LONQQcVxiNtn1yXUBQ9vdZNfYn74M-uIp458vT4ZruRjehpsE-j8faDfW5lpO9SQjwMNgHNZ7KvZzK4W6slJPgbiE0-ViMUCMAFgmzZ2S2z27eAF4p7C57xbwdMgZbGJtSXp_dmWDld0HO_QQd7LJ1IbG_ZTMv4luGOXMO4pSYsG2tKIhQeYMrGHEQL9TOAFVckGAhwdNZGEBmSdcLSXKRGEloYYYKMAYSv6HOyOZ59OvrnhEtp2Pi3KCmb-JQGGZ4pXAd4uaOCZ2UMAXZJzo_FtpC_PAYyb7zmzLhp3XYaFexndH4H8NnAqjMdsKrM36mqg96RxzOOU3agT_NMhJ5S5LFeRZ9iQEDe015aYiSKBmPNC1rwRE8rOxl0yuQvEcpZlgO3zn4HjmqVZF2zF9pWRt4XVJnutlbZVJI02pDObrGXHN0V6Lnmjy6pl1iNB2lAhCvDl-YvyGApmlG63nzaxfZD9ATSJTQ1arMA2mvKzPlGjQPkicZrhHynfq5gQTYaW0egONdYv2Yx4JCpucgpl6k&xkcb=SoDG-_M3L6x30RQJbJ0IbzkdCdPP&p=3&fvj=0&vjs=3
スタートアップ企業のPythonエンジニアの求人の詳細,Orderly株式会社,神奈川県 横浜市,https://jp.indeed.com/rc/clk?jk=f305ae5c3599d69d&fccid=9d9d8791741438ef&vjs=3
【リモート・未経験可】データエンジニア/データサイエンティストの求人の詳細,Polar Fox株式会社,東京都 港区 青山一丁目駅,https://jp.indeed.com/company/Polar-Fox%E6%A0%AA%E5%BC%8F%E4%BC%9A%E7%A4%BE/jobs/%E3%83%87%E3%83%BC%E3%82%BF%E3%82%B5%E3%82%A4%E3%82%A8%E3%83%B3%E3%83%86%E3%82%A3%E3%82%B9%E3%83%88-ba3a8db2681f3dd6?fccid=0c67e54dc746de6f&vjs=3
【Python(機械学習・AI系)】査定プラットのフォームAIエンジニアの求人の詳細,株式会社Branding Engineer,東京都 渋谷区,https://jp.indeed.com/pagead/clk?mo=r&ad=-6NYlbfkN0C86vJ2LINblFwL6nT6ZNqtH38B776gdDb-q5iyM-Nu_5ZzTVag1hBcHzL0WgKbb3dyWN6kVYA_z-4NspFxfHwm2sOcB00FCiR55hhKwkJ3AeQOiXdAcrq6MPQVOeUdlOK2Oi1HU3kqjuvKZQbmAxbKhYtEC3daQS_4PqHxIXRC47FLAQcWgFw0s_7yYeVPQfexcZQgEGdEQ8T9OOUTkOr6vWwcS0xv9dyYUhzvm5jcaLJ65kzDN0S0KYjyhVI2pnQUD8U3zk_iqA236Z1px-OPlTdEQbqybcPhMrtOUv37Wxddpa_blVNYCP4tPLzAR5uCve-UNZYghd8Gh9WWRuSAX9Ia5DZEjtNvtR2ldoClN0cXYpkeuTXiHB4rOKhRYPp7eMze0nRkjq0gD-qSxNpxaLUth0WRigAwGDX9xw2-JnAiBK2OYQ5-Kgrs2pDOxNmMJgrXlensnDwy9FN8bcdKFLsHBddchGGIbk2w43PgJKaLCaCE-I0DYcnwzCFZHPtHRSN2tt8FoXxUpPUTTt52xxfj2ge7Kp5CCxh_-2_DMBOQuHb5hCjeExx0NuwLLXDQz2GQF0dYC1Krq_Ux48WvoIyR7kRktdSbG-LIRbUdrmRZ2a5YjtOcG2EQyfhwXtcaCXPCGxuAA06JYXD7fLjJYd91XAe3LwIB9jq8cYwkhPcz0jFflc_7H6IXC6pDFJUwvmHnpfsETq395qoU-Dv4NVV7phtt2TOqntvzJgIuciuvbFkHaS-5uE36sYED1Q3hDFgkoPUsdLUCpCMdwAcP6RpLOPJOiccjVoId7a4yx0vS_9mdMLH14Us52GQlf5PTPjUbqvZCqg9DZCaWYekUqrC-2JLTahsJfg73p6dGoG8-ba_hHeOX7IcBkYEH50YUoP0jePIIUa6g1ufOpBNJl7aix1NUazI=&xkcb=SoDV-_M3L6x30RQJbJ0MbzkdCdPP&p=6&fvj=1&vjs=3
SQL,Pythonエンジニア/データ抽出・加工業務支援の求人の詳細,株式会社Arkanoids,在宅OK in 東京都 23区,https://jp.indeed.com/rc/clk?jk=9135bddf2967a643&fccid=a3d18795913cab07&vjs=3
ITエンジニア SQL,Python/バッチシステムの追加開発業務の求人の詳細,株式会社Arkanoids,東京都 千代田区 麹町駅,https://jp.indeed.com/company/%E6%A0%AA%E5%BC%8F%E4%BC%9A%E7%A4%BEArkanoids/jobs/%E3%82%B7%E3%82%B9%E3%83%86%E3%83%A0%E9%96%8B%E7%99%BA-08ce900e727c06c6?fccid=a3d18795913cab07&vjs=3
Python/広告配信企業内でのデータマイニングの求人の詳細,株式会社flyhawk,東京都 渋谷区 渋谷駅,https://jp.indeed.com/rc/clk?jk=37c120e5de87c37f&fccid=de7a7b3b3139bf61&vjs=3
Python/FinTechサービス開発の求人の詳細,株式会社flyhawk,東京都 渋谷区 渋谷駅,https://jp.indeed.com/rc/clk?jk=ad9ff9ab5b211bf8&fccid=de7a7b3b3139bf61&vjs=3
【リモート可・Python】通信キャリア向けWeb集客サービス運用案件(Python/SQL)の求人の詳細,株式会社スキルコネクト,ハイブリッド勤務 in 東京都 千代田区 溜池山王駅,https://jp.indeed.com/rc/clk?jk=70489ec91d7ed506&fccid=d061d354a33697e3&vjs=3
IT分野(Java、Python、PHP等)のスクール講師の求人の詳細,創造社リカレントスクール,広島県 広島市 中区 橋本町,https://jp.indeed.com/rc/clk?jk=2a0115892f88cf0f&fccid=323d225428fae5fd&vjs=3
Pythonエンジニアの求人の詳細,サステナブル・ラボ株式会社,在宅OK in 東京都 千代田区 大手町,https://jp.indeed.com/rc/clk?jk=ab4e7420b2dad5b8&fccid=b35f758de9074e87&vjs=3
テクノロジーインターンの求人の詳細,株式会社ウィア・エデュケーション,ハイブリッド勤務 in 東京都 文京区 茗荷谷駅,https://jp.indeed.com/rc/clk?cmp=%E6%A0%AA%E5%BC%8F%E4%BC%9A%E7%A4%BE%E3%82%A6%E3%82%A3%E3%82%A2%E3%83%BB%E3%82%A8%E3%83%87%E3%83%A5%E3%82%B1%E3%83%BC%E3%82%B7%E3%83%A7%E3%83%B3&ti=&jk=ff79dc6b6e8a1e7e&fccid=46b6808dcd14430a&vjs=3
【Python/フルリモート】SaaSプロダクト開発支援の求人の詳細,株式会社Branding Engineer,在宅OK in 日本,https://jp.indeed.com/pagead/clk?mo=r&ad=-6NYlbfkN0CSQQgz1WUmTvJh2YSku089SiRAtQ4lsFkuz9_ehIPuZWmqlg20JSfgkOe0gSzXJgfeyVKmxjVfSeLIW5ezFfjRYn8K9W-3ZHQjrF-DkT5_t2tX7QNzPZh0f0Oi9Vc-plzGO2QaPwFzAy8MEdw2eFjvduZI146hwgNhtuGAWQ9mwaIqe5flBcpKfQD4TOO4BlzfNC3aYBA8jbA8epQqL1oIbvyFZS7QK1u7pt6Bf1cdpAQp58xFIV3fShpbiokPkRglxQ5vf5x1t3aCNyNgZ-1xAfaESkPfVU3WcDQRgqPO8ZPEuXIFEaHdSKyVl5-Vq6vA90vIyYaEus-gGiWqtydK4Rnsr58mTtdBSofuQ4r081RilaJdRcWsZv2c0Y8Tk38GrnfqOiyq2CW5Ok3C90GPTVHAwKGJh3B8VwZIqFmNP3my6mbUC5PBo_Ip9UOsBNhtuA7mbG9izYFhfvT11CY8Eb91fFTq31zjs0sQXfwDxIpI-TE4GsUBBuRqM4s2Vu-vdMudpP9bl8QlnYg1mpFsw6QmeLgiPVgKu_izQuYqGOM3j67ichsWVmQ1vTsc1C8ECx0W0JPCTxeGnZTAcKL8uzkqs3eHXV2fbPdwOecOI72RG8YHHpaCpdyrbzpiI1HhrgctfFoakqcPz7lJnloON2dqoyUHCcjVMlCuNAKUVi-h1M--piKQpbCkAaO_ySLqm2uIfdDWsJQFiY4lxi9O-axfXNQCAvHPvrj7KV8sAhDrAaryKZ1NbwSYQpdP4i5c2MjX8_dRZd-8jlzx2l6XrBWVTMjo8eJvurA3U5UJIayX5Ent2tXv6uOKEhO_DcKPapk1IKac2yLl1C4SgFwFdaovaKa8OfPdNEBXFePfUA==&xkcb=SoAu-_M3L6x3PnwJXZ0LbzkdCdPP&p=0&fvj=1&vjs=3
【リモート・Python】AIモデルの構築の求人の詳細,株式会社スキルコネクト,ハイブリッド勤務 in 東京都 品川区,https://jp.indeed.com/rc/clk?jk=83f7b91f3b564996&fccid=d061d354a33697e3&vjs=3
運用・監視・保守の求人の詳細,LiLz株式会社,沖縄県 宜野湾市,https://jp.indeed.com/pagead/clk?mo=r&ad=-6NYlbfkN0AYJxCUiKdGurqH1xnmyLns0KT0yJ0IGpaGp07naXmYwCLrq77U9JUIjn5nGXSXg86JcUoVag-m1uIUMxJ5Td-WuldIuHnsua5Zxt_oXHWGPwF1kQnK0bmeKOiThMTLfB4H6kxj34Ugwhd0hzKmPzdyNVJPQ2o_nhkCYM1DtJeFlCvr_wUQhTnuG6FN-MafopTB8vuV67isaEPASFQH30YLBVk1HLJL3cq1r4CU5vnWjxBSEAkyApgl6EmUcjN25HdiQ3itoQH-ff9DO-ol8iVK_61zw9s4gH6OyzR3kOa_P8bQVttxijwfHwlfuw5bBlAV5WlQydSzA_tt7g12cK8bIspzLg9X5I-mzGDZ4VCPCsVWblK4fTkFm8ZWMA5BJgfp7BZWIIq_KxWwJByHxbRZeh9ER-oBqvuTq-T2vwmoqOISxjDPCxowzeXRwNziMJxOnx94b9rgpfdc98uamjQPVKaaNoi6mwArD5wVl-S82DEznp_pRtkwCBXosDXhUXdpAJY_VJG_XNLHlLwd7zr6Bb7ymMkiioA6UgnxppvsdGR8ijJjxwHmLTRAH1pFDurahP8dqYRx5EYp9hgxXbF10Fz68EVZZGr25kxfX_PI8x_6g32DCQJmyLvdGSzIT3UDqtimhvK9uzmi_TEMIhjlgcctbqzj1mt-QuNaa7SXIEHJndkqJ5O4T0sovUhEDzCElcI6cbyn9sJ-GfsxLhAz7QMLpFdgQthniv1i4_ocInZc2tun6JpJFeF7rga5L6H5DcpTXWLDUeoEw8uNWm0dC1R2oXkcY-KrsaAPt5K7Hw==&xkcb=SoAH-_M3L6x3PnwJXZ0JbzkdCdPP&p=2&fvj=0&vjs=3
【Python】サーバサイドエンジニアの求人の詳細,オウレットラボ合同会社,東京都 港区 西新橋,https://jp.indeed.com/company/%E3%82%AA%E3%82%A6%E3%83%AC%E3%83%83%E3%83%88%E3%83%A9%E3%83%9C%E5%90%88%E5%90%8C%E4%BC%9A%E7%A4%BE/jobs/%E3%82%B5%E3%83%BC%E3%83%90%E3%83%BC%E3%82%B5%E3%82%A4%E3%83%89%E3%82%A8%E3%83%B3%E3%82%B8%E3%83%8B%E3%82%A2-f5886b886cf68f8c?fccid=cd48758e5952fb89&vjs=3
Python(django)、Javaエンジニア_177の求人の詳細,株式会社Asu career,東京都 千代田区 秋葉原駅,https://jp.indeed.com/company/ASUCAREER/jobs/%E3%82%A8%E3%83%B3%E3%82%B8%E3%83%8B%E3%82%A2-2034197256c4e349?fccid=656abe0b5bcef1fc&vjs=3
ITエンジニア Python,機械学習/衛星データの機械学習による解析業務の求人の詳細,株式会社Arkanoids,在宅OK in 東京都 千代田区 神田神保町,https://jp.indeed.com/company/%E6%A0%AA%E5%BC%8F%E4%BC%9A%E7%A4%BEArkanoids/jobs/It%E3%82%A8%E3%83%B3%E3%82%B8%E3%83%8B%E3%82%A2-1e2c59b9e0877b01?fccid=a3d18795913cab07&vjs=3
【Python】ヘルスケアサービスのデータ解析業務|虎ノ門の求人の詳細,株式会社ビズリンク,ハイブリッド勤務 in 東京都 港区 虎ノ門駅,https://jp.indeed.com/rc/clk?jk=4ef0b65da093d196&fccid=b0694a5dc3a48bd7&vjs=3
【インターン】機械学習エンジニア(データサイエンティスト)の求人の詳細,株式会社Hakky,在宅OK in 東京都 新宿区,https://jp.indeed.com/company/(%E6%A0%AA)Hakky/jobs/%E6%A9%9F%E6%A2%B0%E5%AD%A6%E7%BF%92%E3%82%A8%E3%83%B3%E3%82%B8%E3%83%8B%E3%82%A2-d92533f809195c29?fccid=37333f1c3bd3ec98&vjs=3
Pythonエンジニア,データ分析/WEBスクレイピング作業の求人の詳細,株式会社Arkanoids,在宅OK in 東京都 23区,https://jp.indeed.com/rc/clk?jk=85097ebae55511a2&fccid=a3d18795913cab07&vjs=3
Python/報道DXプロジェクトにおけるフルスタック開発の求人の詳細,ギークス株式会社,東京都 千代田区 神保町駅,https://jp.indeed.com/pagead/clk?mo=r&ad=-6NYlbfkN0AEZeQ5BDHuTqhiTI2118DcpXXxVE54bpFUdQLTLs7Ju6skzmOmnDwKYSyD-iwdsot9VLCBNL6sOGn09NAsv-wi7FsSvIKl1-81jANt_t66C5zUfUDKgRXLWe-VJSYf1BnO1cLVSe_ZMJ2zyZnK60vIThIgFUQS3ur0E_JRX82DjvbDN-J3W-M6AdUyQ7y6Ly5-QtWzoxGNsHjHAtQjjGZWCTbwvW937B9meaF6bVwxoqzfX0SJPDQAy4WDfORMjQMZonGqFdk9OzCjPGw9YH93FxB_b70qft8SK0eEv9h6ja02o1n2Iy15WjniAzubWtC8U1mrK_dFMkF0Vwxwoe4pv4RCRysH9I6TKyeVm1vTu4YoCylXcoZ_1usvDr6pCcgtDXZiYGd_Hfm_30bXsUi1eS1OHGQH2jAFNPLj5mNLl8eZzqu08TI-IWIDPHExmDkufSOi3RPkb8sfw-N-X3Kiq1drjTC3T2HpkQO3UBOCg24-bz0yOzQ2hDWzFAoPlIguZe6oaSjcAribGOxy8HPNZjfhNJjOGIuBZrkG_JVyHynIjGDS867EbjlG0acOUsgXH-lo8Eq8dKx6a_C5MIdQ9-I6I5_QPW_0CtETjqK2NilCq009MU1X&xkcb=SoD9-_M3L6x3PnwJXZ0CbzkdCdPP&p=9&fvj=1&vjs=3
Python(分析)/女性向けヘルスケアアプリの新規開発@フルリモート環境!の求人の詳細,株式会社Arkanoids,東京都 23区,https://jp.indeed.com/rc/clk?jk=363ad4be10c4cc6e&fccid=a3d18795913cab07&vjs=3
️ゲーム事業におけるデータ分析業務(Python)《フルリモート》の求人の詳細,株式会社bluena,東京都 渋谷区,https://jp.indeed.com/company/%E6%A0%AA%E5%BC%8F%E4%BC%9A%E7%A4%BEbluena/jobs/%E3%83%87%E3%83%BC%E3%82%BF%E5%88%86%E6%9E%90-8cdf0ef985ebf9c9?fccid=c9f67d9b0d24a5ec&vjs=3
インフラエンジニアの求人の詳細,株式会社コーボー,None,https://jp.indeed.com/rc/clk?jk=da2772706a24f638&fccid=6fd7bffcf212535b&vjs=3
Python(Django)エンジニア/医療系向けチャットボット開発業務の求人の詳細,株式会社Arkanoids,東京都 港区 虎ノ門,https://jp.indeed.com/rc/clk?jk=8c65770867e11f70&fccid=a3d18795913cab07&vjs=3
ITエンジニアの求人の詳細,株式会社ネックス,東京都 豊島区,https://jp.indeed.com/company/%E6%A0%AA%E5%BC%8F%E4%BC%9A%E7%A4%BE%E3%83%8D%E3%83%83%E3%82%AF%E3%82%B9/jobs/It%E3%82%A8%E3%83%B3%E3%82%B8%E3%83%8B%E3%82%A2-c21ca1b1dc5f60e8?fccid=c2151687496c90e5&vjs=3
Pythonエンジニアの求人の詳細,株式会社Arkanoids,None,https://jp.indeed.com/rc/clk?jk=c117f1f07ec0473d&fccid=a3d18795913cab07&vjs=3
【Python】位置情報サービスを用いた新規開発業務の求人の詳細,Rotoworks株式会社,東京都 港区 虎ノ門,https://jp.indeed.com/company/RotoWorks%E6%A0%AA%E5%BC%8F%E4%BC%9A%E7%A4%BE/jobs/%E9%96%8B%E7%99%BA-d8c58db644af2233?fccid=97b45e4bfdbcf6d7&vjs=3
Java・PHP・Python/エンタメ系アプリ開発の求人の詳細,ギークス株式会社,東京都 港区 浜松町駅,https://jp.indeed.com/pagead/clk?mo=r&ad=-6NYlbfkN0AEZeQ5BDHuTqhiTI2118DcpXXxVE54bpFUdQLTLs7Ju6skzmOmnDwKYSyD-iwdsou9PrZdx7yDnhkbVDZhxXpnPKLqvnpw3v1XUXROEjwqc-kS_6-n2Lo2Wd0SSN1vqEdD08Ee9OfV8ZIKFW17Seq7mxWQIkEXnM-U5ymycoZCG4FfPlSdVsmD2wZ_tgSE9oh-d-Znfjs2r7YCroFPrEMoi0tuR-o-kMrYDVPkTagttjf7LfguiHA9945jfnRSuSDQ1bXEnMFDUC32sh1rXg5rheMI8caD5DzuQZMXbS0h7d_XdvGNJmf31G8zXYAbDjVTYZvB0xcaHAPjLt7d8Km0EZpnWCoonJNgb7fixIN_vyKRYJA1Cu1MuPsP7kalNesH0jogGPZ70syX7-IKA3eL9nE9IBm0rQJpnHKH2bo2rfyS_UYtCUf4K92wSoVTzvRXpTaOo5DE2tt4_lKNy1FGyvQXtY2bhfZ1haujnesdCowf7CT6w2-mWnKwSbECsy-363WkQX1cj7tPDRsFt3izh42LBB3UYJqtARTEYizc3Fdp4tJEdbh3kqO3SFMaoy19ytFSgTh46uJADqG84IfZ5UAHOXTbUdthIg7K49Nm1dNqnPlWL3j6&xkcb=SoDb-_M3L6x2-tzkxB0JbzkdCdPP&p=2&fvj=1&vjs=3
【Python/AWS】チャットボット開発【フルリモート】の求人の詳細,株式会社bluena,在宅OK in 東京都 23区,https://jp.indeed.com/company/%E6%A0%AA%E5%BC%8F%E4%BC%9A%E7%A4%BEbluena/jobs/%E9%96%8B%E7%99%BA-7b25a38be18b9fb7?fccid=c9f67d9b0d24a5ec&vjs=3
【Python】自社開発プラットフォームの開発エンジニアの求人の詳細,株式会社エクストリーム,東京都 豊島区,https://jp.indeed.com/pagead/clk?mo=r&ad=-6NYlbfkN0DzMIXuv8YSi06KWIMFY05ukGgdPWIaM5Yz3YeMy3yTyAWHAe1gKPKnM1jSgKk0ldOiribgSPpgSGvoutqSuhIo5gRqoBW1KzTIxQA6kn8zbA5quSFgomyRlN5RzLKSTA4o0nl3_2C8NKPFnmLb3pYSN9Jl-5hpZgX4shLEfkmk5KU2eZRNqymJKrY43Mr6-XzOuA_CYa33nEWrUrnuqOyhw2FmhdpMl21dn9QWz-nzAHrKQWrqxhz9D8hB9woNISr71y-3xDeA-UA-XsMT_63c8AhqTAfslKVTm6sirBI8vM1Q_FwnrR_gGcfPT3B_MCqI53-FNZItJsiBApv0_U6nXNsikZ4oE3wjOHfbx0HB2uILMVzlufFFsD-b-Sn11FhIsZraFcPhfPtPZL1LNkrshpbaue-dUqT8SG2GGZH56Ou43QpEpiVGW1Gb3XZKceRNG6gixqLhox2z9MIYWLWZkREyEvfgVIWryKxJUFcoUHc9HydKzOBB03WxgkC2KDQKR9I8KdwpWe4qBWrX8HH5P0H9zM_h46X1741bHGTFFk1sB1xSDADcvZgMXP0bawKd7xBpF2wXTo0LGnCMLs3E6kkGfnMZtJLdMBLhT6FFqfQKV9Gjo1rUzpyISc4AmvcDmHWkH6EHG0g31wsAQvEYO7fT8M-6BidweaQGu2sRkA==&xkcb=SoDh-_M3L6x2-tzkxB0PbzkdCdPP&p=4&fvj=0&vjs=3
ITエンジニア【SLM/PLMシステムコンサル・開発(Java/C/C#/PHP/Python等)】の求人の詳細,株式会社アイ・エス・テクノロジー,None,https://jp.indeed.com/pagead/clk?mo=r&ad=-6NYlbfkN0CTYm8reshEX55vA2Ax4m4lVHibktDQFLrATV903TTV4GH7bya7HLPA7ZedH-YLjvK2eludb61-OAUgyofBmTk6Jup_8ghap176w8vA1SspdtXeJ44Zqf5_8WpAiOnQhvujqBYWREtSz8Can4q92P2fhxBb8piTRps4I_5sb2PkhjlQECUdC3QycdJJnZxTD74Q3xvoKyuugKZaWmelAzp6nEjTjSTK3RXdudg1rfgcAqVZyQJm4vSW1JsXEiK6Nw7NWP4HMZgvmbFx0CGuTDL6CWr5dY-EEgJrI1WDOieFXBNohFHg7HwQ5gNqS1Cfe-fviJ4dyEMNGFaOpy6IgLy_knCFFWXBvf9KV1MxFwSmgClK8J9yxNN3vX06JBLlFTSxEbrLcVOYxxyJxnWCK0Bg4Y3AbC7uSY3-bt1Z74UBxaOUmhK09ZV7KOEhQTjQnLYZ-67hKfo1V2_ymT_s0uHI46hR0oOXLTUSRVXfV68jDIquHLe346-aKCQY441ec4kQ9jkmh2iohyon_4O6ymoIHMbumOu2Q9VHSw1K2pww3NEbjajdqEEF1tm6mGcX3_MBOeFyLC7bKRi2Iq8rtK1WK18pY3aNg5sLjaLFQ8P4zJwaNqbXZD_vnH4Lbc6wqZ1Kab6dFMre7-WaM3Gshct00_WF4swWQK-C_zuFSXPJAXFS8n3V6d4i7y4mrjjAI80pZD11XwFQE_PSId2gaXy124Q-x53z1QQNVZ4YwtAZuxyUQ5zeCROU5q64xai2hfIqSlWHAMfFIjKn8zJGkEfA&xkcb=SoBV-_M3L6x2-tzkxB0ObzkdCdPP&p=5&fvj=0&vjs=3
Python/HR領域新規サービスのサーバーサイド開発の求人の詳細,ギークス株式会社,東京都 渋谷区 渋谷駅,https://jp.indeed.com/pagead/clk?mo=r&ad=-6NYlbfkN0AEZeQ5BDHuTqhiTI2118DcpXXxVE54bpFUdQLTLs7Ju6skzmOmnDwKYSyD-iwdsosCOVJ-txgtA39qM8GaBpsj2VSw1GWHSX_QOr5N37xbFp6bgfP7Npr1W03FzrDyGPHus6f5zADzprp2eQhV770HVMj3Aj481K0pmvqiQAvH_sufKk1GOMn3056aMzRErmAMeW1PtunZmd0aRoUSo92SwzdmNkCGgXS1n46zgMOdPXRq5izBNqfjzMtgDnKtRASeKoTSvVRKxn_R-_BWoTQt2esQvoJPEky9MTZ895ClN-fpfEV3XhrjeOf2apZMcrAAa0d5xJeoxoRuRTu3iwAQdiFGL98dmwPevZFUGpus3OvwjkkjigJslN8esbsCBTJs3LfwFTzo5WQIhLlp6WB-tF5Z46YJPEnAsef8MWsXWd4QJ25lvC1_236165CNSxc655wPIUAMkh54bd5__8V_nG0NIw8JX41tP42I1QIkLIKzVS-j9taEUUHqMAXiW5yoxhM-AcWkLMAglqLG4V4vJ0LolCQthzYSNErrtOSGFA9uv4sjpTNVSJHhrDE-0XLQYrEeTzjj2neFt_mj7OlVDAkoCW-QALcao2_mAQLqbkcAdhv3SkXX&xkcb=SoDI-_M3L6x2-tzkxB0NbzkdCdPP&p=6&fvj=1&vjs=3
【業務委託/未経験可】データエンジニア/データサイエンティストの求人の詳細,株式会社リスマ,東京都 品川区 平塚,https://jp.indeed.com/rc/clk?jk=cf8f7e867156a718&fccid=6bb6184976eb89b7&vjs=3
Pythonエンジニアの求人の詳細,キャル株式会社　新潟オフィス,新潟県 新潟市 中央区,https://jp.indeed.com/rc/clk?jk=cf517ef4403c8a4d&fccid=ef8057c289a087db&vjs=3
Python/旅行関連　レベニューマネジメントシステム開発の求人の詳細,株式会社flyhawk,東京都 千代田区 東京駅,https://jp.indeed.com/rc/clk?jk=cb61a7777c2755d3&fccid=de7a7b3b3139bf61&vjs=3
[派]【基本在宅】データ変換ツール作成<Python>の求人の詳細,株式会社スタッフサービス ITソリューションブロック,在宅OK in 東京都 新宿区,https://jp.indeed.com/pagead/clk?mo=r&ad=-6NYlbfkN0AazyjkkglIXPVH_lV3qj3gL1eBliOA52oxvdq-eMiHAujJayC7T0ycTOc77zmeScSyBccJuUm2OfFVOTQjSZb3eI64w39n_-YLwwC06ipdd4YILw5PbRChXv38oFux1Wq_z9Drhj5kiD1U_yh-sHjG7Dg7dldpbpAIt3GSN9EKYmAmGMkSgzfV9Y26ESSaNFSbd8Dqh7P8LthJmq4NfPUhODbjHOnPdwNX3WebOn4WnU-rLR4BOLl1pR57KKQK1BdrgrCj-fZjfvNSS8nxsySIvvJg3HHbHRI7oeapctzMBppKjFGQu3AkchlgQmF_1k6Lirp-oEbmVuYnnjZYw533EX-fdOjUBfCZ5b6r6DopsYTHBrdxO1_Tf3o5FQnnlP_2vKo4XtbBVMzKJRMICRV4kRyyQho3naAwGtUX-S7eV6Lg7CNJn3x1GcbiK4XCj8dWfKYGAc5icV7Ct8OzGleyWZrkWJpbR93yWsYJp_2gDQk0Obt6AT7kbtT_3P4VoT_t15OY7t8FSTheCDATM6QwpyNKOOgiVTLwPxe74UN5JleZ-PPqGTwycoN1AwLh4NaCWAl0rFExVsbICbaCYWz9YaKLi2QInlzIGkQPqgWDKOBsLMMwHY_p&xkcb=SoC8-_M3L6x2-tzkxB0BbzkdCdPP&p=10&fvj=0&vjs=3
Python/自社人工知能タブレット教材運用保守開発の求人の詳細,株式会社flyhawk,東京都 品川区 五反田駅,https://jp.indeed.com/rc/clk?jk=5917cb0c27dd5b65&fccid=de7a7b3b3139bf61&vjs=3
Python技術者　ビックデータアナリスト/システムインテグレータ・ソフトハウスの求人の詳細,株式会社ステップ,東京都 千代田区 神田錦町,https://jp.indeed.com/pagead/clk?mo=r&ad=-6NYlbfkN0AEDj32_2WKZGF7eZ6PKAMgRkbXjZfGGRai3Usprx1rk747O7NH66Jyx64brPF1GQ_hwEB-vrpJ5pqphWWkT8ffG7yLrJHJEfSADmqAW4mWOxqOsdQSsA5LSrE_Hs8jeFeFuIvN9L4GmHZlzEfVJsLmwo1GysEakqq2ffw_vlr96cqbzA1miZRKKTIJq4mGPPyeTkkIesd0uuRRud1evlvOkTWFqREtfW1fuwPOJfp8S_sekMVFvwdFP_68FzIS1OSDM7LT5hcHP8FeIf6m1ncYkKAPVThfU-ETjoPmAhoE6POjTN8ZSt_ue2Ft06y8cV_p3T0l40M0_wHXi97eiNRIWLk7i1AAxbUx7F87XHxuh2PReQL2FYBG7XmRNTKa1IzQiEjMqxX-CE6ufxARlGuLHFWE22ZxUUPtnFD_1xRiQA0qmJGMT7i9v91kdilbcqzLE29E4pWZZDzxgCWBV-525uuS2Ln8LYdVyAYVcnUKFUpkm9BvdAhUq9htgyVNlySqpH7OX4LBf4rGDnuXFQ8DEciR9WQW0E3FcRpdc69kAVxNAWwfmFyK19FFERKK_oNqL7VTdJgZxtEbeAEhhyXPfrVG3MYHUdRUupkJm3V4hxOukjDhNLGnxYkQ9XzET1Uy_BC4danmUMl733nxoG1C5M3EQahOX1EjpJlaqU7wCVZ-J1H9WsWmU1s-fObManeKZ6tgCi67B1xHIN8UlJuBzeRWdrBRinc=&xkcb=SoCG-_M3L6x2-tzkxB0HbzkdCdPP&p=12&fvj=0&vjs=3
️大手企業の顔認証基盤開発(Python)《フルリモート》の求人の詳細,株式会社bluena,在宅OK in 東京都 渋谷区,https://jp.indeed.com/company/%E6%A0%AA%E5%BC%8F%E4%BC%9A%E7%A4%BEbluena/jobs/%E5%A4%A7%E6%89%8B%E3%83%A1%E3%83%BC%E3%82%AB%E3%83%BC-%E9%96%8B%E7%99%BA-d2ed39ad3d81304b?fccid=c9f67d9b0d24a5ec&vjs=3
3DCGキャラクターモデラーの求人の詳細,株式会社クリーチャーズ,東京都 千代田区 九段南,https://jp.indeed.com/rc/clk?jk=b5210764fdba9b55&fccid=515dd3073419e1a1&vjs=3
Pythonエンジニアの求人の詳細,キャル株式会社　新潟オフィス,新潟県 新潟市 中央区,https://jp.indeed.com/rc/clk?jk=cf517ef4403c8a4d&fccid=ef8057c289a087db&vjs=3
【時給2,900円/基本在宅勤務】Pythonのお仕事の求人の詳細,AKKODiSコンサルティング株式会社,在宅OK in 大阪府 大阪市 北区,https://jp.indeed.com/pagead/clk?mo=r&ad=-6NYlbfkN0AiPr_OM6MiNm2Mtg_9qcrBa30pAvt_Qeez4DmaJWnrUYac4iVtkn2M4MI7tc7FAKTDDKzvPlRcnit78-aj7La8McNjYg5a8yzbbowY2NqqeCQMRrTHYa0GtE444sKfKE3t3DXpgfSNan9mNmBhve0yq6qIyJpKtcDUAE0EMCn8ApzBfEPlt7Q5EYP6kcvj7Ucxdm0pb5pgoPl5LRqgKTPT7vVG7xZZIDYkuhk6CM-wT-CrkL2zeRvCbhOPCvunnTqGci_6fiav6qzqriNhbtEe-M4HqHKSq8eDkUQpTiGxCE7Rl2Jx8iUrI0zI4Epie5IGNKF_KtHnas9sg4IlGowevv93xFkETa2FKyOkwN37-mnffcCIO1CdlY2qj5UTQISUSFUj_kAjRiV-IxIqNIYu_51n0DGraDvPwH5xa99e75Vw-dvf9EGzK59L_A7_NIrHLyS6_L_2NCIGUmEel5DHBhDhqtDOsmc2yh1EBNJgReC-WYaP0FNGGs-SKufgCVZvm_N2F62ihw==&xkcb=SoDg-_M3L6x2okzkxB0KbzkdCdPP&p=1&fvj=1&vjs=3
Python/旅行関連　レベニューマネジメントシステム開発の求人の詳細,株式会社flyhawk,東京都 千代田区 東京駅,https://jp.indeed.com/rc/clk?jk=cb61a7777c2755d3&fccid=de7a7b3b3139bf61&vjs=3
[派]【基本在宅】データ変換ツール作成<Python>の求人の詳細,株式会社スタッフサービス ITソリューションブロック,在宅OK in 東京都 新宿区,https://jp.indeed.com/pagead/clk?mo=r&ad=-6NYlbfkN0AazyjkkglIXPVH_lV3qj3gL1eBliOA52oxvdq-eMiHAujJayC7T0ycTOc77zmeScSyBccJuUm2OfFVOTQjSZb3eI64w39n_-YLwwC06ipdd4YILw5PbRChXv38oFux1Wq_z9Drhj5kiD1U_yh-sHjG7Dg7dldpbpAIt3GSN9EKYmAmGMkSgzfVL4JCpMNJPOSz2ioXBmso0Xyuutdoas7wFktmyYscvfwAawLAwG8xOrKMcxPpb0_tYw02NN_93U76o9GyL4-8ZN3nbd-pWtd71BiD38LOrJc1J5VBrZibJoGWeqYdJ7x63q30ifHC6gHkvv4uODsevcHoSmLE6lf3JzFYOJWJElFeZd_P2UsIMIYGaVKhZBrHkCa33ufKCtA07hr5-MRaZZaQaV0XmlW-5Np7Q25vAwSsCavEqw-eWUfgor1NCqe7y_ordKjcpEaDOtiyVzy4pCLFgn09EO9K9nqJiHG4VXLG2S4B-4Tmdnl-KRaEeUThtvURxsQihqviFPXjzfsrfFolkyfPECO5Ce2auoppTPprApJaZjnnLYNaWFLnkmnMa0NLCIVwXZfuGtN_d-FHKckmNUWLsq3acojcJ2GQqyWMmm2hgY-9MXYRA6Py495s&xkcb=SoDJ-_M3L6x2okzkxB0IbzkdCdPP&p=3&fvj=0&vjs=3
Python/自社人工知能タブレット教材運用保守開発の求人の詳細,株式会社flyhawk,東京都 品川区 五反田駅,https://jp.indeed.com/rc/clk?jk=5917cb0c27dd5b65&fccid=de7a7b3b3139bf61&vjs=3
3DCGキャラクターモデラーの求人の詳細,株式会社クリーチャーズ,東京都 千代田区 九段南,https://jp.indeed.com/rc/clk?jk=b5210764fdba9b55&fccid=515dd3073419e1a1&vjs=3
Python技術者　ビックデータアナリスト/システムインテグレータ・ソフトハウスの求人の詳細,株式会社ステップ,東京都 千代田区 神田錦町,https://jp.indeed.com/pagead/clk?mo=r&ad=-6NYlbfkN0AEDj32_2WKZGF7eZ6PKAMgRkbXjZfGGRai3Usprx1rk747O7NH66Jyx64brPF1GQ_hwEB-vrpJ5pqphWWkT8ffG7yLrJHJEfSADmqAW4mWOxqOsdQSsA5LSrE_Hs8jeFeFuIvN9L4GmHZlzEfVJsLmwo1GysEakqp08uBFLESfvWC7D5pUFNZHprrTyB-clgEagbFfz1tx6DqW6brn7Heuw3ofVQ-S9kZlZUmRgeAGAKydE9p0GFU9WgU1zAJIrmwrkQ4j02WeoppKlOri4bnWvWsrqudJnDaRL6VGy9XMVkU4NZIkltAySuA3-gjGJOhq7AR5phFUtmnmMek1dFCb66IgDtRx6nNDlabPQmEQW4c4cBdYZZKFD5Fq--q2UrL3WMr9HhRe3i_iUP37HIU5YNsD91FH-1c5PpMeEHLtpZJMgQ3PTEpaiElT6HJr6_TqUTym8E2av83XVgNfd-PZc8nQfCVwvpzvWc64_SLccsgENm2bpsl9lYQKhRPth5ayttAC0o-aY5IBNe8JMX_1GUurcZ6wpLpz0tLF6wMT4bt_Qxc3QUMCbLtTG-js1OOrzSHperE1iGXAtaVtKYEozzYVEkPocBZR0zcB24sgm1vrEFU5p7F66hdgAO2KRZ-sRvUHLQpwi4Jxs8EmY86G2LJP83gmfBaldhQaog8KXyOE6Cv3T7brzun2-hb6b1UlZ31iQDNHI4htBwbZaJlVf4szrYzx1lU=&xkcb=SoBu-_M3L6x2okzkxB0NbzkdCdPP&p=6&fvj=0&vjs=3
️大手企業の顔認証基盤開発(Python)《フルリモート》の求人の詳細,株式会社bluena,在宅OK in 東京都 渋谷区,https://jp.indeed.com/company/%E6%A0%AA%E5%BC%8F%E4%BC%9A%E7%A4%BEbluena/jobs/%E5%A4%A7%E6%89%8B%E3%83%A1%E3%83%BC%E3%82%AB%E3%83%BC-%E9%96%8B%E7%99%BA-d2ed39ad3d81304b?fccid=c9f67d9b0d24a5ec&vjs=3
【在宅】Pythonエンジニア 新聞社コンテンツ編集システムの求人の詳細,イチアール株式会社,在宅OK in 東京都 渋谷区,https://jp.indeed.com/pagead/clk?mo=r&ad=-6NYlbfkN0Bsc7vIvQrqLqHWf2CvnGd9Cnn_g0Jz_ZsZOSdDPKuzJVLPFM2vWcy_isuWjgXaFr7K0B_xqTRaSkS8rjhhbTwPRMUAlCdS-EzVl-fbIrycIGFtMau4IcYkXctkeNM8wVOI0NdNIA68CI1fqUp_Eu1VcbWB84ceM4H6STC9Yd139dLMNrOtwlqZH-DAVrPTZmwX8SLGZ-ietYK-S6biw9_zzqD4Z4kzGLpjlGEDtnl5E8X5h4D8HKZL63N_8T3jTkATBKo_ItYu6VUF5iEk1F8z7jaG0nNCwRhN2Dvm2kzhDEXXSTFYzG11L5GLpJNbVBRGZy-IdgTmRiZb_iWNMPyOPrVvr9_MJyYHdxf45xRHMJLXvg0U2PRaITifMIm25BALrzrJ6x3n7zOqd8h22s0Tx4t4jbbdp-opPmmXtmbRnCF37zC07UK3MGattdDQ0HyJjXDOhJnQg1B7OhReS83Gc7iF6ggADstOdMqPypVxDJBxuVCTgAWIA2tstWfbB79fYbPM9zXLmnSh6sUM0d38YV6ocJuMujrdEZ0GZgr6DFiJx3P533H-nHem_xB-BpFQ-toVo8IO80kOveNKKZV-NIx6g-1NTvM3J8tsBinIAk-Ag9TpVCAvOfqA107CctP_f9dQoN3Nog-IR9g0dqUtVb11l6mAdrWCMqtc-JUCS3h6mx0F0tjkL7WdWpfLyqvqWjd2VfoavBAIOBqFnVl_lwpzwyMMnolOs-Rr79KE8_tGp5ddEzLkr8PBuM1AXUKfrq5bps6PRX0lnZ1zjpjRsTSH3TxWvumkIph-NzbT9RiAtjVLBPxs4Cbt65zTDVEDEoOYnDN9puUYaSBBDcGU&xkcb=SoAz-_M3L6x2okzkxB0DbzkdCdPP&p=8&fvj=1&vjs=3
Python データサイエンティストの求人の詳細,株式会社Senyou,在宅OK in 北海道 札幌市,https://jp.indeed.com/company/%E6%A0%AA%E5%BC%8F%E4%BC%9A%E7%A4%BESenyou/jobs/%E3%83%87%E3%83%BC%E3%82%BF%E3%82%B5%E3%82%A4%E3%82%A8%E3%83%B3%E3%83%86%E3%82%A3%E3%82%B9%E3%83%88-e26db65a8732dcc4?fccid=4fba733cef20be26&vjs=3
Python/新卒向け就活支援webサイト開発のエンジニア求人・案件の求人の詳細,株式会社flyhawk,東京都 渋谷区 神泉駅,https://jp.indeed.com/rc/clk?jk=c8737c49ff04eea7&fccid=de7a7b3b3139bf61&vjs=3
PythonとExcel関数開発運用の求人の詳細,株式会社富士三和総研,東京都 渋谷区,https://jp.indeed.com/rc/clk?jk=5d2d9044ee70e637&fccid=3e30b653b3b0d002&vjs=3
社内ポータルサイトのリプレイス(Python)_055の求人の詳細,株式会社Asu career,ハイブリッド勤務 in 東京都 千代田区 内幸町駅,https://jp.indeed.com/rc/clk?cmp=ASUCAREER&ti=%E7%A4%BE%E5%86%85%E3%83%9D%E3%83%BC%E3%82%BF%E3%83%AB%E3%82%B5%E3%82%A4%E3%83%88%E3%81%AE%E3%83%AA%E3%83%97%E3%83%AC%E3%82%A4%E3%82%B9%28python%29_055&jk=8987dc3f2a4f6ae0&fccid=656abe0b5bcef1fc&vjs=3
【未経験可】データエンジニア/データサイエンティストの求人の詳細,株式会社リスマ,東京都 品川区 平塚,https://jp.indeed.com/rc/clk?jk=87e01a0f612d23ef&fccid=6bb6184976eb89b7&vjs=3
フリーランスエンジニア | Python / Ruby/ボイスチャットアプリ開発の求人・案件の求人の詳細,株式会社コーボー,東京都 港区,https://jp.indeed.com/company/%E6%A0%AA%E5%BC%8F%E4%BC%9A%E7%A4%BE%E3%82%B3%E3%83%BC%E3%83%9C%E3%83%BC/jobs/%E9%96%8B%E7%99%BA-39b9148abdc8f03f?fccid=9c435bca63befb85&vjs=3
Python/HR領域新規サービスのサーバーサイド開発の求人の詳細,ギークス株式会社,東京都 渋谷区 渋谷駅,https://jp.indeed.com/pagead/clk?mo=r&ad=-6NYlbfkN0AEZeQ5BDHuTqhiTI2118DcpXXxVE54bpFUdQLTLs7Ju6skzmOmnDwKYSyD-iwdsosCOVJ-txgtA39qM8GaBpsj2VSw1GWHSX_QOr5N37xbFp6bgfP7Npr1W03FzrDyGPHus6f5zADzprp2eQhV770HVMj3Aj481K0DiOslCCc6VPbY7FF4qARrbDOPNR5S3oGrspLf7-Mj4HJy080q24EaK8Du8_BoXKQYJ9qYLKt_oPk15G-oEOYlPqHcDmKxoLF3kb90HdQDeno_8pv1kVJW0eG-0LE5r2WsykETegdIBAsN6IYGiOScRav1VhMN0NrJZJ9gWY3JQ0UT2IzrYtPldkuDq2w0C5869SH3Bn3AGXKM37hmVMeVMdeRMV4rl0bev17uTjPxSyYusGxlKTuK-hURVRBGjruo6eGsP1nrnuNRQu3W9NOlnUq_mnN7SRpNy83m3350zgrCdBYSNVrVIaGTbpcwk_C59xyfXEZO9sfiYhAszvFJvdLyjgF5ppdO1io56cCtVh7w-vptDhwjvLmnUWawl8PLQMgURLM6CHWJnTHOeYDqtdqZQHyaTXiSM8tFncu7E5xpXnRWG0Ej9_r3LfEmktqQQ36jSF1Snu42cl5oIrfo&xkcb=SoBH-_M3L6x0P0QJbJ0LbzkdCdPP&p=0&fvj=1&vjs=3
Pythonフルスタックデベロッパー// Python Full Stack Developerの求人の詳細,Robert Walters,大阪府 大阪市,https://jp.indeed.com/rc/clk?jk=b044c4848a4a0c5f&fccid=eb4d21b47eb326a4&vjs=3
Python技術者　ビックデータアナリスト/システムインテグレータ・ソフトハウスの求人の詳細,株式会社ステップ,東京都 千代田区 神田錦町,https://jp.indeed.com/pagead/clk?mo=r&ad=-6NYlbfkN0AEDj32_2WKZGF7eZ6PKAMgRkbXjZfGGRai3Usprx1rk747O7NH66Jyx64brPF1GQ_hwEB-vrpJ5pqphWWkT8ffG7yLrJHJEfSADmqAW4mWOxqOsdQSsA5LSrE_Hs8jeFeFuIvN9L4GmHZlzEfVJsLmwo1GysEakqpgHPbe10GV7ljYQBqhij7SNQLHR5cV8hIxW0c-4ertz7ZEbXjfoM2MSNVIUfHtMyw-CVMG4hnb7H2N6Yh6Lq1LY4piZpB4YV3MObpvQbgBiwL0bL9CASVBXrHIbCFYmyp2Jm-Bxh_sjj-ZYdSYGpN-C-WaCcBWq4cRuHyuQjvV_K3pVYS7A67_TjzJDgQyoU5DyA6P03_XDTLPwFDYlcwAwPrjjwj8OWUxF22TJY-3BemQCLzqJNyFd2FcsZdnPDc-MeNJyPM5QVTA5vPVt8vlcZpoC746WGYYAkT3RkZmHY7WQ3oCI_wPH8RUed3n12G0GRyHMF6tANthdZL0zYf9tpsmwjxnzkn9Xwo_ED6tlcjc_lKr0-eOpEOdKEwNyRmIHppqiJpZz-I5ojvyTia1bxAyqBcHUSXtFEZ3J2Ns83Q_nv2Or44eHz019L3_OIyyPpT-WnQ504Z5Pp-mE9eT739W60VwIjAoeh0JcKRPlyetKybAxfnDrzlLX2dUqwXDLOggXF7CKQYeO9Pq28ImbyA7HsLQIedSInN2L1cpZsMcyHtUSeXC3i2AywWGiss=&xkcb=SoBu-_M3L6x0P0QJbJ0JbzkdCdPP&p=2&fvj=0&vjs=3
Pythonエンジニアの求人の詳細,株式会社Lif,東京都 渋谷区 円山町,https://jp.indeed.com/rc/clk?jk=d1b6b4f667e39d13&fccid=ae1cd0dbeb8242dd&vjs=3
【在宅】Pythonエンジニア 新聞社コンテンツ編集システムの求人の詳細,イチアール株式会社,在宅OK in 東京都 渋谷区,https://jp.indeed.com/pagead/clk?mo=r&ad=-6NYlbfkN0Bsc7vIvQrqLqHWf2CvnGd9Cnn_g0Jz_ZsZOSdDPKuzJVLPFM2vWcy_isuWjgXaFr7K0B_xqTRaSkS8rjhhbTwPRMUAlCdS-EzVl-fbIrycIGFtMau4IcYkXctkeNM8wVOI0NdNIA68CI1fqUp_Eu1VcbWB84ceM4H6STC9Yd139dLMNrOtwlqZH-DAVrPTZmwR8sXdlnxKDu16bzydnNuK6F1O_Skw8Z1ekfsg5nO5acGpVRmAElk1vMmeMu6-pfwAvcjkPQ4R4RdHESpbq6YGoI153KVgdnMHypLBkzMwK6RAG-vQW7jejleKoQQxXvZRjiFuPGnDP1shpt0cFEGWd2YkIzb66ix0JPw2yM39iDBR4JUAIGbBpdT4yCFsTjqKvohGbz8k5VZtsPtXkfRKHNDlRvEUrpcIjft3Pp33OQ65n-xLbsj1sg-au8-RIrvWsWwVxq_dETAEQm_OfKGDDr6KfbtsKKM6Zq8KmHJK1IlSNxstbuR0XUzJhfGH8iqGMEMZ25u-6raF0EDCOHrAD6TuC1Lny3Vt1mEj67Y5YSTfqxo4en48jHcXTAwoBXGY9B5LMF3dVgyZJf8I8oGv1kBnDBdLw_0RrvPDila9jG9KLw8y4b68Lx_bMCr-L-SUOvneKOSiwukCw5pTqpD26KvzSt2A2wKosWTw04Px6TMpQVgfs-arn22S6R0_2agDE4FaXZHHjhSzrP7nrkKKXcgdk1l9T5EizjP_73IFYssK91Rw5QOlS-7_b9BqXqPuPuw1Z0tqEMnXPYob1Qq-9UlzitjeyfCzFiyz7gXn5vDKlarbrIUjoE9UnGBfk4-7KmBQ97uoLAPqvvgDPWC-&xkcb=SoBU-_M3L6x0P0QJbJ0PbzkdCdPP&p=4&fvj=1&vjs=3
[派]時給2600円<python>在宅も可気象システム開発の求人の詳細,株式会社スタッフサービス ITソリューションブロック,在宅OK in 東京都 港区,https://jp.indeed.com/pagead/clk?mo=r&ad=-6NYlbfkN0AazyjkkglIXPVH_lV3qj3gL1eBliOA52oxvdq-eMiHAujJayC7T0ycTOc77zmeScQL4Aqrk7lW95RRCn9EORNivffpL7-WvD1EZbXe9JtvTpskFeU_G3gj38QoVbkyOaJNtG-wA8vpaJAu3KUoulQbnLptkeVvD5OsGL28GFPzvSPEJCBb09kfSGcaYnGiPZ2QklAKxJBUMG3jwjttNCCe0YDZ466GaVHmMp17R4Q2Bdh8uaYSau8t_IYB9Bz5gCYN6nltfpdIGTmr6ELMTmqQGeFeVkwcUrUM7QTyacNnmYu9FEwnXuiETFngbYk9hLVen0XN5LguBxAeNHHHzl9SOt1_5h_RK9iYjd_kXtXRVm94kNqS5wOEcISOIkjwYIG5Ig9KPTNxh6tCWFPdRSKqmsLlkJa-N9vC1TStLmMtY4MakrSAJAFS9bBtL73-Do4lXE-1TVHbdNsJ6-2xUHJe5iE2DpZmA_fEEkL6INK-F4iOBVk5BrY7sWNdo2dKWhQEs338ZRHqYUud4WJKsFdikyI3rdov6cdhK67BToWVSbAH8AkZoC0VqkNFn4W4kuDHjJYav4P9hGLGAke7TOTA7O_Y4GMuI7mf0VAb61-sXXn6zD5oRVo0&xkcb=SoDg-_M3L6x0P0QJbJ0ObzkdCdPP&p=5&fvj=0&vjs=3
\\未経験ITエンジニア (アプリ・Web)// 　専門研修スタート<名駅>の求人の詳細,株式会社ファーストデータ,愛知県 名古屋市 中村区 名駅,https://jp.indeed.com/pagead/clk?mo=r&ad=-6NYlbfkN0DXyyjY9IF70YPFYM0Y3F0-MTY_TMT5R56tIpDlfo3Zr4S2SqFlZq5wZkmkTIn2hF5N3i450Z7KJJQsMkodR7iLfD-CzBursBQfSpXkLNZ00kps9Iwa_AFWgUsb1wSOJKBnW3XemIqzaS2p29mvYBOEJfpk1-U1kk3-tHpKctZdtQR_N0_fT6yj35E2XmXg3ZB9sVX8ta5ZT6NqlqoNal7Lpdf_fx02cY9MfcGrNAUHzf2jD5kI4tAnuhI7KtE1mMFUNbFDnz1N1aKGYQuqVVlnNNVTp3-wF7fCiIjAweWAL2FF-NRYmN8fv-rzmdfqTjuk3XSjOHqFMuHtmoYwnX1aEu1TvouLruPv14tk5hCp-JmGq9DipANp73EV4Brw-08awER0_Jcx50lWIOc27jZrZQCS0Ff-mdLI5w8oOQtOW8WUDFns1w-TneMHLKWyT3crvL0BDDm2OpyOHatYnnkDD_jiedIZcblqIZhnV4X1JnYmzNjNRw3n8xUru3hkQhIWyGJYof3IQbrkx9wk5pcJckZB9F_ASuSeub5FUiGgAS8YPTegi40A1-Xy0j10Mcc88vAVH6zOoAalBPfPhgRkcNS8eoufST1p5TRWe4OIiIvRSNiEWr-KXTyo8Gi4V20YTFJl9tT6erFEEarTLm_-dw2Rg-DWLfNd6XSN8S7EPsqLAa15g_eNUBKxvrSe8G4HlOwbizf_ItXEkCn2w8IM6qxuIoqPiiTxI7NhNsRGOs1OFgYkQPrsF5WRz_0jfY9ALCMQFOuaaJssYPEBo-PYzaix4aoJ_0poce79rcy1OCyoVsVi9LjEvvk4fEz7xWnbbRZdIHcuSzWs_nABu3Vm49KL9uw1rxTMuSIUYilCW21-VyyalNkIvXzef3wBkE2lsutj39bxEh4kVoyBeSF6&xkcb=SoB9-_M3L6x0P0QJbJ0NbzkdCdPP&p=6&fvj=1&vjs=3
【未経験可】データエンジニア/データサイエンティストの求人の詳細,株式会社リスマ,東京都 品川区 平塚,https://jp.indeed.com/rc/clk?jk=87e01a0f612d23ef&fccid=6bb6184976eb89b7&vjs=3
Python/RPAツールによる社内システム自動処理の求人の詳細,ギークス株式会社,東京都 渋谷区 渋谷駅,https://jp.indeed.com/pagead/clk?mo=r&ad=-6NYlbfkN0AEZeQ5BDHuTqhiTI2118DcpXXxVE54bpFUdQLTLs7Ju6skzmOmnDwKYSyD-iwdsosxhbmmEoaFNrCO2v33Bpwm2GBVBHzjoBEnxxVTyFN8sutXiMPl7-zf2Dsp1svEWBjNtc-38HSoyNsB4DeiWs2vxhXqXQT7raqS1I_N_M8hiyBk60wt724ZCwyRTcFK0QeMhoSbdHUTG6klVtZlanqRkyzTOumQqbZTD-LHBKWfKrLPij_nGCCso_i83cOW80XKEoutRpdQ53xOjF_KiuEDWj5wdSsZFwQ9OSBcn8oEWAwHtYv-soUk-QiH6yHK_mI1BEdHaJiKfnm1cXoklk0ifZFNhjJg7mgLB4C2t6OyMU6jMFCdJ1yydyb3oi1aVHkwQeZEp3FRxzRSDNYYnKGhjKm3gu7Wm6lmcHnKdq2DBllW-s6OzS8BTJhue0scdNloLmSK0k4I5egSbjwqbfX9frDOw9WkZdbyNCzSTygf24eU5oN0DYGEraCFjunrOk1Tbx5aD56oaTT0W14eWIyS2cazaduy3aMN90H58b8IkB7tlldHcxOoXYU2oTPG9DtP5maHIl5sxYfQWGwdoq95-1fsDeZcIhseSGkdXN_mjYL2bCaW9uUn&xkcb=SoAg-_M3L6x0P0QJbJ0DbzkdCdPP&p=8&fvj=1&vjs=3
データアナリスト未経験可/独学でSQL・Pythonを学んでいる方に朗報!の求人の詳細,データアナリティクスラボ株式会社,東京都 23区,https://jp.indeed.com/company/%E3%83%87%E3%83%BC%E3%82%BF%E3%82%A2%E3%83%8A%E3%83%AA%E3%83%86%E3%82%A3%E3%82%AF%E3%82%B9%E3%83%A9%E3%83%9C%E6%A0%AA%E5%BC%8F%E4%BC%9A%E7%A4%BE/jobs/-ea60566449b2c97a?fccid=3ff2305aa3bf6cb5&vjs=3
Java・Python/オンライン旅行サイト開発のエンジニア求人・案件の求人の詳細,株式会社flyhawk,東京都 新宿区 新宿三丁目駅,https://jp.indeed.com/rc/clk?jk=cda1506d32506097&fccid=de7a7b3b3139bf61&vjs=3
【Python】リモート可　Webポータルサイト再構築の求人の詳細,株式会社flyhawk,東京都 中央区 八丁堀駅,https://jp.indeed.com/rc/clk?jk=4c980189efe7c2df&fccid=de7a7b3b3139bf61&vjs=3
コンサルティング・シンクタンク/新規事業企画・立上げの求人の詳細,デロイトグループの経営戦略、M&AやITアドバイサリーサービス企業,東京都,https://jp.indeed.com/pagead/clk?mo=r&ad=-6NYlbfkN0ChAQnTgAlTXH8o3iF2sxLW5G7jFIhTFuzEoBoTcS8KKmtnkkrWpxvxMCrN6JAaPs0JMklm0ar4EGz_r-XolQvGYmNkyh2BZ7qKLG9hl2U3IFBWyhGBFzBL0s7n498ABnrcJbrHKf-z3oEi4RGH2KuKxXTIjaRRbuBch5N0EAuEx8kKvxoOqsW16Pqj6gH1256_fxFXWsvJ2b48U49qmaXeMCckBOS5veounNnzRdeBPkCd676H1eCGfD8hL2PeDHcSo1n4ngvVEstcBc7_yCpoKzE8CiwbkYD-qQp4EkVvl_ew22nkUyg84BIogkwyh52fBAnwr5IslAuvr5iChwE8oz26qAGWpRHRS8LWCAlEoyv8ARQLdXvXWsLyr-NZIGTID_9rWQgxoriml07MN9dlEEGEyqkTy5bqFB32gzNdYrDA4kfv8hf8pfmWWZxuwWoOrUj7NhW3T8Wi33GuQm907uskO5_5Z5s4qh36BhWhzPGIOXiGavuPt6huJft8C_hmaDnvb5NhwGCf1_9qZbrCnNSZvErwuUPbhtY-Hw1Hv3giijBgE7J-&xkcb=SoAz-_M3L6x0P0QJbJ0HbzkdCdPP&p=12&fvj=0&vjs=3
インフラエンジニアの求人の詳細,株式会社コーボー,None,https://jp.indeed.com/rc/clk?jk=da2772706a24f638&fccid=6fd7bffcf212535b&vjs=3
【Python】ライブコマースサービス開発の求人の詳細,株式会社flyhawk,東京都 渋谷区 渋谷駅,https://jp.indeed.com/rc/clk?jk=521af99abc03e661&fccid=de7a7b3b3139bf61&vjs=3
Java・PHP・Python/エンタメ系アプリ開発の求人の詳細,ギークス株式会社,東京都 港区 浜松町駅,https://jp.indeed.com/pagead/clk?mo=r&ad=-6NYlbfkN0AEZeQ5BDHuTqhiTI2118DcpXXxVE54bpFUdQLTLs7Ju6skzmOmnDwKYSyD-iwdsou9PrZdx7yDnhkbVDZhxXpnPKLqvnpw3v1XUXROEjwqc-kS_6-n2Lo2Wd0SSN1vqEdD08Ee9OfV8ZIKFW17Seq7mxWQIkEXnM_TtMN1b765PdDOhME6r4_LvCc26Wov1prpWW6c8e3j-aVbMSozK79w1ZlTD_RTzjaUEOPtgfbelRsalxc6v-gHabDKicSPxAI0PREzAeqO6p87eUhJQgqRTwoXz3G4GxLIYO-VvnxXo1MC3jqtaJrkjaKIh-TWr3QqzMiGr4JYrm64Z9ZHkje7fj_EorX00-cs_5FfiQJMaqJ2zvlAxxhfrqaITZ6psZ0BZMgnDsYJV8dWF7eW7Fl5rRrCG9DpePNV6gcnkFpxCn2LviXq-_3QhNT6pkHmStslI94Ao4IwiE-_Ux_xqPOgB22h8y-c6rtAPoZaA4ZoyYCnhvx_pcmuIjcJ_tugVwkl6mwiWYpwVLjqgyaYV3ByCorg8x9Avrghfq63F8bVfeAXCu86D6hQsZnF5ww1dSpz5I1prJvqTECE43gWaW_l71R0Pt32-_v9qtlWLiZhoEqBzVLwJaIu&xkcb=SoAD-_M3L6xzvyAQNj0LbzkdCdPP&p=0&fvj=1&vjs=3
テストエンジニアの求人の詳細,株式会社コーボー,宮城県 大崎市,https://jp.indeed.com/rc/clk?jk=f5e1ee80b3676223&fccid=6fd7bffcf212535b&vjs=3
クオンツ(Developer / Python)の求人の詳細,ブルームバーグ L.P.,東京都 千代田区 丸の内,https://jp.indeed.com/rc/clk?cmp=Bloomberg&ti=%E3%82%AF%E3%82%AA%E3%83%B3%E3%83%84%28developer+%2F+Python%29&jk=adc09aa99f1500f0&fccid=f770da67b3b51c62&vjs=3
Linux・Python/某ゲーム会社でのサーバー保守運用の求人の詳細,株式会社flyhawk,東京都 渋谷区 渋谷駅,https://jp.indeed.com/rc/clk?jk=27fab0e21c55cc6f&fccid=de7a7b3b3139bf61&vjs=3
【リモート】Pythonエンジニア Seleniumにてテスト自動化の求人の詳細,イチアール株式会社,東京都 渋谷区,https://jp.indeed.com/company/%E3%82%A4%E3%83%81%E3%82%A2%E3%83%BC%E3%83%AB%E6%A0%AA%E5%BC%8F%E4%BC%9A%E7%A4%BE/jobs/%E3%83%86%E3%82%B9%E3%83%88%E8%87%AA%E5%8B%95%E5%8C%96%E3%82%A8%E3%83%B3%E3%82%B8%E3%83%8B%E3%82%A2-8dcc0d5990407f57?fccid=09ae2ee7800d6870&vjs=3
Python/新卒向け就活支援webサイト開発のエンジニア求人・案件の求人の詳細,株式会社flyhawk,東京都 渋谷区 神泉駅,https://jp.indeed.com/rc/clk?jk=c8737c49ff04eea7&fccid=de7a7b3b3139bf61&vjs=3
Pythonエンジニア 東京中心の求人の詳細,株式会社エーエルジェイ,東京都 新宿区 新宿,https://jp.indeed.com/rc/clk?jk=70f75eb8a057516c&fccid=4fce555a9c346d2a&vjs=3
フリーランスWEBエンジニア　未経験でも大丈夫　JAVA　Pythonの求人の詳細,株式会社ブレーカーズ,大阪府 大阪市 中央区 南船場,https://jp.indeed.com/company/%E6%A0%AA%E5%BC%8F%E4%BC%9A%E7%A4%BE%E3%83%96%E3%83%AC%E3%83%BC%E3%82%AB%E3%83%BC%E3%82%BA/jobs/Web%E3%82%A8%E3%83%B3%E3%82%B8%E3%83%8B%E3%82%A2-fed289621fb024e7?fccid=3c3806a2f95a9808&vjs=3
プログラマの求人の詳細,日本マイクロシステムズ株式会社,京都府 長岡京市,https://jp.indeed.com/rc/clk?jk=54875e239ccef8e3&fccid=cabe788f046981ef&vjs=3
ネットワークエンジニアの求人の詳細,株式会社コーボー,None,https://jp.indeed.com/rc/clk?jk=7f26b2cca62bb2d4&fccid=6fd7bffcf212535b&vjs=3
Pythonエンジニアの求人の詳細,キャル株式会社,None,https://jp.indeed.com/rc/clk?jk=d8f3a5625bd49150&fccid=ef8057c289a087db&vjs=3
フリーランスエンジニア | Python/ モビリティ業界向け数理最適化開発の求人・案件の求人の詳細,株式会社コーボー,東京都 千代田区,https://jp.indeed.com/company/%E6%A0%AA%E5%BC%8F%E4%BC%9A%E7%A4%BE%E3%82%B3%E3%83%BC%E3%83%9C%E3%83%BC/jobs/%E9%96%8B%E7%99%BA-b28f13a16bbc1c4f?fccid=9c435bca63befb85&vjs=3
Python/検索エンジン、クローラー開発のエンジニア求人・案件の求人の詳細,株式会社flyhawk,東京都 港区 表参道駅,https://jp.indeed.com/rc/clk?jk=95dec73adb7b37e4&fccid=de7a7b3b3139bf61&vjs=3
Python/ フルリモート/ JSONとYAML変換API機能開発/ フリーランスエンジニアの求人の詳細,identity Inc.,ハイブリッド勤務 in 東京都 23区,https://jp.indeed.com/company/identity-Inc./jobs/%E9%96%8B%E7%99%BA-f623c7ad8a9d1e27?fccid=253091c4a8733eae&vjs=3
【Python】ファッション業界での社内システム構築の求人の詳細,株式会社スキルコネクト,広島県 広島市 安佐南区 大塚駅,https://jp.indeed.com/rc/clk?jk=873870be8e031d18&fccid=d061d354a33697e3&vjs=3
3DCGキャラクターモデラーの求人の詳細,株式会社クリーチャーズ,東京都 千代田区 九段南,https://jp.indeed.com/rc/clk?jk=b5210764fdba9b55&fccid=515dd3073419e1a1&vjs=3
プログラマの求人の詳細,株式会社ネックス,在宅OK in 東京都 豊島区 長崎,https://jp.indeed.com/rc/clk?jk=613f0bb6baa46e22&fccid=4a70a0ce2cc9548c&vjs=3
【Python / Java】不正調査ツール開発のデータエンジニアの求人の詳細,(株)Next Fortune,千葉県 市川市,https://jp.indeed.com/company/(%E6%A0%AA)Next-Fortune/jobs/%E3%83%84%E3%83%BC%E3%83%AB%E9%96%8B%E7%99%BA%E3%82%A8%E3%83%B3%E3%82%B8%E3%83%8B%E3%82%A2-349c59ef8708a4fc?fccid=1f5b45ad8077eab8&vjs=3
[研修制度充実・資格取得補助]データサイエンティスト、の求人の詳細,データアナリティクスラボ株式会社,東京都 23区,https://jp.indeed.com/company/%E3%83%87%E3%83%BC%E3%82%BF%E3%82%A2%E3%83%8A%E3%83%AA%E3%83%86%E3%82%A3%E3%82%AF%E3%82%B9%E3%83%A9%E3%83%9C%E6%A0%AA%E5%BC%8F%E4%BC%9A%E7%A4%BE/jobs/-7438189daf7e4594?fccid=3ff2305aa3bf6cb5&vjs=3
Pythonエンジニア ヘルスケアサービスにおけるデータ分析の求人の詳細,イチアール株式会社,東京都 渋谷区,https://jp.indeed.com/company/%E3%82%A4%E3%83%81%E3%82%A2%E3%83%BC%E3%83%AB%E6%A0%AA%E5%BC%8F%E4%BC%9A%E7%A4%BE/jobs/%E3%83%87%E3%83%BC%E3%82%BF%E5%88%86%E6%9E%90-77abe67fad52690b?fccid=09ae2ee7800d6870&vjs=3
【 業務委託/リモート 】【 SE 】マーケティング基盤構築支援(Python)の求人の詳細,株式会社MOVE,東京都 23区,https://jp.indeed.com/company/%E6%A0%AA%E5%BC%8F%E4%BC%9A%E7%A4%BEmove/jobs/%E3%82%B7%E3%82%B9%E3%83%86%E3%83%A0%E3%82%A8%E3%83%B3%E3%82%B8%E3%83%8B%E3%82%A2-4437a3718abde9c5?fccid=7f83dc61311de510&vjs=3
【正社員】Pythonアプリ開発エンジニア・プログラマ/完全フルリモート・在宅勤務/家賃控除の求人の詳細,株式会社UNBORDER,在宅OK in 沖縄県 うるま市,https://jp.indeed.com/company/%E6%A0%AA%E5%BC%8F%E4%BC%9A%E7%A4%BEUNBORDER/jobs/%E9%96%8B%E7%99%BA%E3%82%A8%E3%83%B3%E3%82%B8%E3%83%8B%E3%82%A2-4774df97699bde16?fccid=47ba2c6d41e1623b&vjs=3
️業務システム開発のアドオン開発(Python)《フルリモート》の求人の詳細,株式会社bluena,在宅OK in 東京都 渋谷区,https://jp.indeed.com/company/%E6%A0%AA%E5%BC%8F%E4%BC%9A%E7%A4%BEbluena/jobs/%E3%82%B7%E3%82%B9%E3%83%86%E3%83%A0%E9%96%8B%E7%99%BA-99345aa7593b49e2?fccid=c9f67d9b0d24a5ec&vjs=3
Pythonプログラマーの求人の詳細,株式会社ブレイン・ゲート,愛知県 名古屋市,https://jp.indeed.com/rc/clk?cmp=%E6%A0%AA%E5%BC%8F%E4%BC%9A%E7%A4%BE%E3%83%96%E3%83%AC%E3%82%A4%E3%83%B3%E3%83%BB%E3%82%B2%E3%83%BC%E3%83%88&ti=%E3%83%97%E3%83%AD%E3%82%B0%E3%83%A9%E3%83%9E%E3%83%BC&jk=6f5d405d835ddf09&fccid=33ef0022c2831c39&vjs=3
Pythonエンジニア,Ansible/自動化ツール開発業務の求人の詳細,株式会社Arkanoids,神奈川県 川崎市 幸区 鹿島田,https://jp.indeed.com/rc/clk?jk=d6e6c4e911a9f57c&fccid=a3d18795913cab07&vjs=3
データ分析エンジニア(Python,SQL)/営業評価可視化に向けたデータ集計及びレポーティング支援の求人の詳細,株式会社Arkanoids,在宅OK in 東京都 23区,https://jp.indeed.com/rc/clk?jk=5d5665b8c3962421&fccid=a3d18795913cab07&vjs=3
️広告プラットフォーム企業の営業支援システム開発(Python)《フルリモート》の求人の詳細,株式会社bluena,在宅OK in 東京都 渋谷区,https://jp.indeed.com/company/%E6%A0%AA%E5%BC%8F%E4%BC%9A%E7%A4%BEbluena/jobs/%E3%82%B7%E3%82%B9%E3%83%86%E3%83%A0%E9%96%8B%E7%99%BA-412fb12948b62326?fccid=c9f67d9b0d24a5ec&vjs=3
Pythonエンジニアの求人の詳細,Be株式会社,神奈川県 横浜市 神奈川区 鶴屋町,https://jp.indeed.com/rc/clk?jk=118dc01ce158969e&fccid=77f27ac98be3911e&vjs=3
【Python経験者】フリーランスエンジニア【SES/データサイエンス・AI】の求人の詳細,株式会社野本,東京都 23区,https://jp.indeed.com/company/%E6%A0%AA%E5%BC%8F%E4%BC%9A%E7%A4%BE%E9%87%8E%E6%9C%AC/jobs/%E3%83%87%E3%83%BC%E3%82%BF%E3%82%B5%E3%82%A4%E3%82%A8%E3%83%B3%E3%83%86%E3%82%A3%E3%82%B9%E3%83%88-45dee05cb57519ab?fccid=e0397163697db037&vjs=3
小売案件開発エンジニアの求人の詳細,株式会社フェズ,None,https://jp.indeed.com/rc/clk?jk=80a0544b08f678a1&fccid=9687ef3b2c57c697&vjs=3
Senior Full-stack Python Developer ,Lemon.io,Latin America Only/Europe Only/UK Only/Canada Only,https://weworkremotely.com/remote-jobs/lemon-io-senior-full-stack-python-developer
Senior Open Source Developer & DevOps (Python, Django, React, AWS/OpenStack),OpenCraft,Anywhere in the World,https://weworkremotely.com/remote-jobs/opencraft-senior-open-source-developer-devops-python-django-react-aws-openstack
Senior/Staff Software Engineer - Backend/Python - USA (100% Remote),Close,USA Only,https://weworkremotely.com/remote-jobs/close-senior-staff-software-engineer-backend-python-usa-100-remote
